match_id,date,matchday,home_team,away_team,result,home_form,home_avg_scored,home_avg_conceded,home_avg_shots,home_avg_shots_on,home_conversion_rate,home_goal_diff,away_form,away_avg_scored,away_avg_conceded,away_avg_shots,away_avg_shots_on,away_conversion_rate,away_goal_diff,form_diff,scored_diff,conceded_diff,h2h_home_wins,h2h_away_wins,h2h_win_rate,home_goals,away_goals,home_shots,away_shots,home_shots_on_target,away_shots_on_target,home_possession,away_possession,home_advantage,month,day_of_week
855772,2025-08-16,1,Liverpool,Manchester City,D,6.0,0.6,0.6,4.0,1.45,0.37499999999999994,0.0,6.0,0.6,0.55,4.2,1.6,0.37499999999999994,0.0,0.0,0.0,0.0,0.0,0.0,0.0,1,1,2,2,1,1,44,56,1,8,5
505346,2025-08-16,1,Sunderland,Arsenal,A,6.0,0.6,0.6,4.0,1.45,0.37499999999999994,0.0,6.0,0.6,0.55,4.2,1.6,0.37499999999999994,0.0,0.0,0.0,0.0,0.0,0.0,0.0,0,3,2,6,0,3,41,59,1,8,5
429978,2025-08-16,1,Burnley,Chelsea,A,6.0,0.6,0.6,4.0,1.45,0.37499999999999994,0.0,6.0,0.6,0.55,4.2,1.6,0.37499999999999994,0.0,0.0,0.0,0.0,0.0,0.0,0.0,1,3,5,6,1,3,45,55,1,8,5
970757,2025-08-16,1,Leeds United,Tottenham,D,6.0,0.6,0.6,4.0,1.45,0.37499999999999994,0.0,6.0,0.6,0.55,4.2,1.6,0.37499999999999994,0.0,0.0,0.0,0.0,0.0,0.0,0.0,0,0,6,7,2,3,42,58,1,8,5
673085,2025-08-16,1,Wolves,Manchester United,A,6.0,0.6,0.6,4.0,1.45,0.37499999999999994,0.0,6.0,0.6,0.55,4.2,1.6,0.37499999999999994,0.0,0.0,0.0,0.0,0.0,0.0,0.0,1,2,2,5,1,2,47,53,1,8,5
225777,2025-08-16,1,Everton,Newcastle United,D,6.0,0.6,0.6,4.0,1.45,0.37499999999999994,0.0,6.0,0.6,0.55,4.2,1.6,0.37499999999999994,0.0,0.0,0.0,0.0,0.0,0.0,0.0,0,0,4,6,2,3,43,57,1,8,5
608835,2025-08-16,1,Bournemouth,Aston Villa,H,6.0,0.6,0.6,4.0,1.45,0.37499999999999994,0.0,6.0,0.6,0.55,4.2,1.6,0.37499999999999994,0.0,0.0,0.0,0.0,0.0,0.0,0.0,1,0,2,7,1,3,47,53,1,8,5
598220,2025-08-16,1,Crystal Palace,Brighton,H,6.0,0.6,0.6,4.0,1.45,0.37499999999999994,0.0,6.0,0.6,0.55,4.2,1.6,0.37499999999999994,0.0,0.0,0.0,0.0,0.0,0.0,0.0,1,0,2,6,1,3,42,58,1,8,5
468267,2025-08-16,1,West Ham,Nottingham Forest,D,6.0,0.6,0.6,4.0,1.45,0.37499999999999994,0.0,6.0,0.6,0.55,4.2,1.6,0.37499999999999994,0.0,0.0,0.0,0.0,0.0,0.0,0.0,0,0,4,5,1,2,53,47,1,8,5
465747,2025-08-16,1,Brentford,Fulham,H,6.0,0.6,0.6,4.0,1.45,0.37499999999999994,0.0,6.0,0.6,0.55,4.2,1.6,0.37499999999999994,0.0,0.0,0.0,0.0,0.0,0.0,0.0,1,0,3,2,1,0,50,50,1,8,5
385424,2025-08-23,2,Brentford,West Ham,H,3.0,1.0,0.0,3.0,1.0,0.3333333333333333,1.0,1.0,0.0,0.0,4.0,1.0,0.25,0.0,2.0,1.0,0.0,0.0,0.0,0.0,1,0,5,2,1,0,49,51,1,8,5
966889,2025-08-23,2,Fulham,Crystal Palace,D,0.0,0.0,1.0,2.0,0.0,0.0,-1.0,3.0,1.0,0.0,2.0,1.0,0.5,1.0,-3.0,-1.0,1.0,0.0,0.0,0.0,1,1,2,2,1,1,56,44,1,8,5
906543,2025-08-23,2,Nottingham Forest,Bournemouth,D,1.0,0.0,0.0,5.0,2.0,0.4,0.0,3.0,1.0,0.0,2.0,1.0,0.5,1.0,-2.0,-1.0,0.0,0.0,0.0,0.0,0,0,2,2,0,0,53,47,1,8,5
631823,2025-08-23,2,Aston Villa,Wolves,A,0.0,0.0,1.0,7.0,3.0,0.42857142857142855,-1.0,0.0,1.0,2.0,2.0,1.0,0.5,-1.0,0.0,-1.0,-1.0,0.0,0.0,0.0,0,1,7,5,3,2,63,37,1,8,5
108924,2025-08-23,2,Brighton,Everton,H,0.0,0.0,1.0,6.0,3.0,0.5,-1.0,1.0,0.0,0.0,4.0,2.0,0.5,0.0,-1.0,0.0,1.0,0.0,0.0,0.0,1,0,3,2,1,0,60,40,1,8,5
488883,2025-08-23,2,Manchester United,Burnley,H,3.0,2.0,1.0,5.0,2.0,0.4,1.0,0.0,1.0,3.0,5.0,1.0,0.2,-2.0,3.0,1.0,-2.0,0.0,0.0,0.0,1,0,3,3,1,1,54,46,1,8,5
696967,2025-08-23,2,Tottenham,Sunderland,D,1.0,0.0,0.0,7.0,3.0,0.42857142857142855,0.0,0.0,0.0,3.0,2.0,0.0,0.0,-3.0,1.0,0.0,-3.0,0.0,0.0,0.0,0,0,7,2,3,1,62,38,1,8,5
206205,2025-08-23,2,Chelsea,Liverpool,H,3.0,3.0,1.0,6.0,3.0,0.5,2.0,1.0,1.0,1.0,2.0,1.0,0.5,0.0,2.0,2.0,0.0,0.0,0.0,0.0,3,2,2,3,3,2,47,53,1,8,5
408331,2025-08-23,2,Manchester City,Arsenal,A,1.0,1.0,1.0,2.0,1.0,0.5,0.0,3.0,3.0,0.0,6.0,3.0,0.5,3.0,-2.0,-2.0,1.0,0.0,0.0,0.0,0,1,4,2,1,1,45,55,1,8,5
651206,2025-08-23,2,Newcastle United,Leeds United,D,1.0,0.0,0.0,6.0,3.0,0.5,0.0,1.0,0.0,0.0,6.0,2.0,0.3333333333333333,0.0,0.0,0.0,0.0,0.0,0.0,0.0,0,0,2,2,1,0,51,49,1,8,5
231555,2025-08-30,3,Crystal Palace,West Ham,H,4.0,1.0,0.5,2.0,1.0,0.5,0.5,1.0,0.0,0.5,3.0,0.5,0.16666666666666666,-0.5,3.0,1.0,0.0,0.0,0.0,0.0,1,0,7,5,2,1,43,57,1,8,5
422074,2025-08-30,3,Bournemouth,Brentford,D,4.0,0.5,0.0,2.0,0.5,0.25,0.5,6.0,1.0,0.0,4.0,1.0,0.25,1.0,-2.0,-0.5,0.0,0.0,0.0,0.0,0,0,2,9,0,2,50,50,1,8,5
309376,2025-08-30,3,Everton,Fulham,D,1.0,0.0,0.5,3.0,1.0,0.3333333333333333,-0.5,1.0,0.5,1.0,2.0,0.5,0.25,-0.5,0.0,-0.5,-0.5,0.0,0.0,0.0,1,1,3,2,1,1,47,53,1,8,5
516706,2025-08-30,3,Wolves,Nottingham Forest,H,3.0,1.0,1.0,3.5,1.5,0.42857142857142855,0.0,2.0,0.0,0.0,3.5,1.0,0.2857142857142857,0.0,1.0,1.0,1.0,0.0,0.0,0.0,2,0,2,4,2,2,54,46,1,8,5
357801,2025-08-30,3,Leeds United,Brighton,H,2.0,0.0,0.0,4.0,1.0,0.25,0.0,3.0,0.5,0.5,4.5,2.0,0.4444444444444444,0.0,-1.0,-0.5,-0.5,0.0,0.0,0.0,1,0,5,2,1,0,55,45,1,8,5
568919,2025-08-30,3,Burnley,Aston Villa,H,0.0,0.5,2.0,4.0,1.0,0.25,-1.5,0.0,0.0,1.0,7.0,3.0,0.42857142857142855,-1.0,0.0,0.5,1.0,0.0,0.0,0.0,1,0,2,3,1,1,49,51,1,8,5
256850,2025-08-30,3,Liverpool,Manchester United,H,1.0,1.5,2.0,2.5,1.5,0.6,-0.5,6.0,1.5,0.5,4.0,1.5,0.375,1.0,-5.0,0.0,1.5,0.0,0.0,0.0,1,0,7,2,3,0,46,54,1,8,5
772109,2025-08-30,3,Arsenal,Tottenham,A,6.0,2.0,0.0,4.0,2.0,0.5,2.0,2.0,0.0,0.0,7.0,3.0,0.42857142857142855,0.0,4.0,2.0,0.0,0.0,0.0,0.0,0,1,10,8,3,2,54,46,1,8,5
762954,2025-08-30,3,Chelsea,Manchester City,H,6.0,3.0,1.5,4.0,3.0,0.75,1.5,1.0,0.5,1.0,3.0,1.0,0.3333333333333333,-0.5,5.0,2.5,0.5,0.0,0.0,0.0,4,0,7,4,4,1,41,59,1,8,5
306690,2025-08-30,3,Sunderland,Newcastle United,A,1.0,0.0,1.5,2.0,0.5,0.25,-1.5,2.0,0.0,0.0,4.0,2.0,0.5,0.0,-1.0,0.0,1.5,0.0,0.0,0.0,0,1,3,2,1,1,47,53,1,8,5
165220,2025-09-06,4,Fulham,Leeds United,H,2.0,0.6666666666666666,1.0,2.0,0.6666666666666666,0.3333333333333333,-0.33333333333333337,5.0,0.3333333333333333,0.0,4.333333333333333,1.0,0.23076923076923078,0.3333333333333333,-3.0,0.3333333333333333,1.0,0.0,0.0,0.0,1,0,10,4,5,1,52,48,1,9,5
185544,2025-09-06,4,Crystal Palace,Bournemouth,H,7.0,1.0,0.3333333333333333,3.6666666666666665,1.3333333333333333,0.36363636363636365,0.6666666666666667,5.0,0.3333333333333333,0.0,2.0,0.3333333333333333,0.16666666666666666,0.3333333333333333,2.0,0.6666666666666667,0.3333333333333333,0.0,0.0,0.0,1,0,6,2,2,1,54,46,1,9,5
145131,2025-09-06,4,West Ham,Everton,A,1.0,0.0,0.6666666666666666,3.6666666666666665,0.6666666666666666,0.18181818181818182,-0.6666666666666666,2.0,0.3333333333333333,0.6666666666666666,3.0,1.0,0.3333333333333333,-0.3333333333333333,-1.0,-0.3333333333333333,0.0,0.0,0.0,0.0,1,2,7,2,4,2,54,46,1,9,5
430760,2025-09-06,4,Nottingham Forest,Burnley,D,2.0,0.0,0.6666666666666666,3.6666666666666665,1.3333333333333333,0.36363636363636365,-0.6666666666666666,3.0,0.6666666666666666,1.3333333333333333,3.3333333333333335,1.0,0.3,-0.6666666666666666,-1.0,-0.6666666666666666,-0.6666666666666666,0.0,0.0,0.0,0,0,5,2,1,1,58,42,1,9,5
359339,2025-09-06,4,Brentford,Wolves,D,7.0,0.6666666666666666,0.0,5.666666666666667,1.3333333333333333,0.2352941176470588,0.6666666666666666,6.0,1.3333333333333333,0.6666666666666666,3.0,1.6666666666666667,0.5555555555555556,0.6666666666666666,1.0,-0.6666666666666666,-0.6666666666666666,0.0,0.0,0.0,1,1,5,6,1,3,45,55,1,9,5
859216,2025-09-06,4,Aston Villa,Liverpool,H,0.0,0.0,1.0,5.666666666666667,2.3333333333333335,0.4117647058823529,-1.0,4.0,1.3333333333333333,1.3333333333333333,4.0,2.0,0.5,0.0,-4.0,-1.3333333333333333,-0.33333333333333326,0.0,0.0,0.0,3,1,3,3,3,1,45,55,1,9,5
845395,2025-09-06,4,Manchester City,Tottenham,D,1.0,0.3333333333333333,2.0,3.3333333333333335,1.0,0.3,-1.6666666666666667,5.0,0.3333333333333333,0.0,7.333333333333333,2.6666666666666665,0.36363636363636365,0.3333333333333333,-4.0,0.0,2.0,0.0,0.0,0.0,0,0,6,2,2,1,52,48,1,9,5
386191,2025-09-06,4,Manchester United,Chelsea,A,6.0,1.0,0.6666666666666666,3.3333333333333335,1.0,0.3,0.33333333333333337,9.0,3.3333333333333335,1.0,5.0,3.3333333333333335,0.6666666666666667,2.3333333333333335,-3.0,-2.3333333333333335,-0.33333333333333337,0.0,0.0,0.0,0,2,4,10,1,4,42,58,1,9,5
404412,2025-09-06,4,Brighton,Sunderland,D,3.0,0.3333333333333333,0.6666666666666666,3.6666666666666665,1.3333333333333333,0.36363636363636365,-0.3333333333333333,1.0,0.0,1.3333333333333333,2.3333333333333335,0.6666666666666666,0.2857142857142857,-1.3333333333333333,2.0,0.3333333333333333,-0.6666666666666666,0.0,0.0,0.0,0,0,7,2,3,0,51,49,1,9,5
853417,2025-09-06,4,Newcastle United,Arsenal,D,5.0,0.3333333333333333,0.0,3.3333333333333335,1.6666666666666667,0.5,0.3333333333333333,6.0,1.3333333333333333,0.3333333333333333,6.0,2.3333333333333335,0.3888888888888889,1.0,-1.0,-1.0,-0.3333333333333333,0.0,0.0,0.0,0,0,2,7,0,4,41,59,1,9,5
287438,2025-09-13,5,Manchester United,Manchester City,A,6.0,0.75,1.0,3.5,1.0,0.2857142857142857,-0.25,2.0,0.25,1.5,4.0,1.25,0.3125,-1.25,4.0,0.5,-0.5,0.0,0.0,0.0,0,2,2,8,0,3,49,51,1,9,5
704107,2025-09-13,5,Tottenham,Newcastle United,A,6.0,0.25,0.0,6.0,2.25,0.375,0.25,6.0,0.25,0.0,3.0,1.25,0.4166666666666667,0.25,0.0,0.0,0.0,0.0,0.0,0.0,0,2,2,3,0,2,57,43,1,9,5
225935,2025-09-13,5,Chelsea,Aston Villa,D,12.0,3.0,0.75,6.25,3.5,0.56,2.25,3.0,0.75,1.0,5.0,2.5,0.5,-0.25,9.0,2.25,-0.25,0.0,0.0,0.0,0,0,9,2,5,1,51,49,1,9,5
438723,2025-09-13,5,Arsenal,Brighton,H,7.0,1.0,0.25,6.25,2.75,0.44,0.75,4.0,0.25,0.5,4.5,1.75,0.3888888888888889,-0.25,3.0,0.75,-0.25,0.0,0.0,0.0,3,1,2,7,3,2,54,46,1,9,5
997330,2025-09-13,5,Sunderland,Fulham,D,2.0,0.0,1.0,2.25,0.5,0.2222222222222222,-1.0,5.0,0.75,0.75,4.0,1.75,0.4375,0.0,-3.0,-0.75,0.25,0.0,0.0,0.0,1,1,4,6,2,1,43,57,1,9,5
837981,2025-09-13,5,Burnley,Brentford,A,4.0,0.5,1.0,3.0,1.0,0.3333333333333333,-0.5,8.0,0.75,0.25,5.5,1.25,0.22727272727272727,0.5,-4.0,-0.25,0.75,0.0,0.0,0.0,0,1,3,5,0,1,41,59,1,9,5
645332,2025-09-13,5,Leeds United,West Ham,D,5.0,0.25,0.25,4.25,1.0,0.23529411764705882,0.0,1.0,0.25,1.0,4.5,1.5,0.3333333333333333,-0.75,4.0,0.0,-0.75,0.0,0.0,0.0,1,1,7,2,3,1,55,45,1,9,5
147723,2025-09-13,5,Wolves,Crystal Palace,D,7.0,1.25,0.75,3.75,2.0,0.5333333333333333,0.5,10.0,1.0,0.25,4.25,1.5,0.35294117647058826,0.75,-3.0,0.25,0.5,0.0,0.0,0.0,0,0,9,3,4,1,54,46,1,9,5
273737,2025-09-13,5,Everton,Bournemouth,A,5.0,0.75,0.75,2.75,1.25,0.45454545454545453,0.0,5.0,0.25,0.25,2.0,0.5,0.25,0.0,0.0,0.5,0.5,0.0,0.0,0.0,0,2,6,2,1,2,51,49,1,9,5
451833,2025-09-13,5,Liverpool,Nottingham Forest,H,4.0,1.25,1.75,3.75,1.75,0.4666666666666667,-0.5,3.0,0.0,0.5,4.0,1.25,0.3125,-0.5,1.0,1.25,1.25,0.0,0.0,0.0,1,0,3,3,1,1,52,48,1,9,5
687189,2025-09-20,6,Brentford,Liverpool,A,11.0,0.8,0.2,5.4,1.2,0.2222222222222222,0.6000000000000001,7.0,1.2,1.4,3.6,1.6,0.4444444444444445,-0.19999999999999996,4.0,-0.3999999999999999,-1.2,0.0,0.0,0.0,0,1,2,4,0,1,45,55,1,9,5
504620,2025-09-20,6,Bournemouth,Leeds United,H,8.0,0.6,0.2,2.0,0.8,0.4,0.39999999999999997,6.0,0.4,0.4,4.8,1.4,0.2916666666666667,0.0,2.0,0.19999999999999996,-0.2,0.0,0.0,0.0,2,0,2,2,2,1,56,44,1,9,5
164853,2025-09-20,6,Crystal Palace,Burnley,H,11.0,0.8,0.2,4.0,1.4,0.35,0.6000000000000001,4.0,0.4,1.0,3.0,0.8,0.26666666666666666,-0.6,7.0,0.4,-0.8,0.0,0.0,0.0,1,0,6,2,2,1,44,56,1,9,5
150352,2025-09-20,6,West Ham,Sunderland,H,2.0,0.4,1.0,4.0,1.4,0.35,-0.6,3.0,0.2,1.0,2.6,0.8,0.3076923076923077,-0.8,-1.0,0.2,0.0,0.0,0.0,0.0,2,0,3,4,2,1,47,53,1,9,5
794893,2025-09-20,6,Everton,Wolves,A,5.0,0.6,1.0,3.4,1.2,0.35294117647058826,-0.4,8.0,1.0,0.6,4.8,2.4,0.5,0.4,-3.0,-0.4,0.4,0.0,0.0,0.0,0,1,4,4,1,1,50,50,1,9,5
628434,2025-09-20,6,Fulham,Arsenal,D,6.0,0.8,0.8,4.4,1.6,0.36363636363636365,0.0,10.0,1.4,0.4,5.4,2.8,0.5185185185185185,0.9999999999999999,-4.0,-0.5999999999999999,0.4,0.0,0.0,0.0,0,0,6,2,2,1,45,55,1,9,5
653227,2025-09-20,6,Brighton,Tottenham,D,4.0,0.4,1.0,5.0,1.8,0.36,-0.6,6.0,0.2,0.4,5.2,1.8,0.34615384615384615,-0.2,-2.0,0.2,0.6,0.0,0.0,0.0,0,0,10,10,3,3,45,55,1,9,5
615171,2025-09-20,6,Aston Villa,Manchester United,A,4.0,0.6,0.8,4.4,2.2,0.5,-0.20000000000000007,6.0,0.6,1.2,3.2,0.8,0.25,-0.6,-2.0,0.0,-0.3999999999999999,0.0,0.0,0.0,0,1,2,6,0,3,45,55,1,9,5
885421,2025-09-20,6,Manchester City,Newcastle United,D,5.0,0.6,1.2,4.8,1.6,0.33333333333333337,-0.6,9.0,0.6,0.0,3.0,1.4,0.4666666666666666,0.6,-4.0,0.0,1.2,0.0,0.0,0.0,0,0,3,2,1,1,57,43,1,9,5
485112,2025-09-20,6,Nottingham Forest,Chelsea,H,3.0,0.0,0.6,3.8,1.2,0.3157894736842105,-0.6,13.0,2.4,0.6,6.8,3.8,0.5588235294117647,1.7999999999999998,-10.0,-2.4,0.0,0.0,0.0,0.0,1,0,2,2,1,0,38,62,1,9,5
986119,2025-09-27,7,Leeds United,Wolves,A,5.0,0.4,0.8,4.0,1.2,0.3,-0.4,11.0,1.0,0.2,5.2,2.4,0.4615384615384615,0.8,-6.0,-0.6,0.6000000000000001,0.0,0.0,0.0,0,1,4,2,1,1,52,48,1,9,5
196527,2025-09-27,7,Burnley,Everton,H,4.0,0.2,0.6,2.4,0.8,0.33333333333333337,-0.39999999999999997,4.0,0.6,1.2,3.4,1.0,0.29411764705882354,-0.6,0.0,-0.39999999999999997,-0.6,0.0,0.0,0.0,3,2,10,2,4,2,57,43,1,9,5
638628,2025-09-27,7,Sunderland,Bournemouth,D,3.0,0.2,0.8,3.0,1.0,0.3333333333333333,-0.6000000000000001,8.0,0.8,0.2,2.0,1.0,0.5,0.6000000000000001,-5.0,-0.6000000000000001,0.6000000000000001,0.0,0.0,0.0,0,0,2,4,1,1,47,53,1,9,5
228165,2025-09-27,7,Liverpool,Crystal Palace,D,9.0,1.2,1.2,4.0,1.6,0.4,0.0,11.0,0.8,0.2,4.8,1.6,0.33333333333333337,0.6000000000000001,-2.0,0.3999999999999999,1.0,0.0,0.0,0.0,0,0,9,2,5,0,56,44,1,9,5
865246,2025-09-27,7,Arsenal,West Ham,D,8.0,0.8,0.4,4.6,2.4,0.5217391304347826,0.4,4.0,0.8,1.0,3.8,1.6,0.4210526315789474,-0.19999999999999996,4.0,0.0,-0.6,0.0,0.0,0.0,0,0,5,2,2,1,59,41,1,9,5
175703,2025-09-27,7,Tottenham,Fulham,A,6.0,0.2,0.4,5.8,1.8,0.3103448275862069,-0.2,7.0,0.8,0.6,5.2,2.0,0.3846153846153846,0.20000000000000007,-1.0,-0.6000000000000001,-0.19999999999999996,0.0,0.0,0.0,0,1,5,2,2,1,53,47,1,9,5
112516,2025-09-27,7,Manchester United,Nottingham Forest,A,6.0,0.4,1.0,3.4,1.0,0.29411764705882354,-0.6,5.0,0.2,0.6,3.2,1.0,0.3125,-0.39999999999999997,1.0,0.2,0.4,0.0,0.0,0.0,0,1,2,4,0,1,54,46,1,9,5
227436,2025-09-27,7,Newcastle United,Brighton,D,9.0,0.6,0.0,2.2,1.0,0.45454545454545453,0.6,5.0,0.4,0.8,5.8,1.8,0.3103448275862069,-0.4,4.0,0.19999999999999996,-0.8,0.0,0.0,0.0,0,0,9,3,3,1,46,54,1,9,5
685852,2025-09-27,7,Aston Villa,Manchester City,D,4.0,0.6,0.8,3.4,1.6,0.4705882352941177,-0.20000000000000007,5.0,0.4,1.0,5.0,1.6,0.32,-0.6,-1.0,0.19999999999999996,-0.19999999999999996,0.0,0.0,0.0,0,0,6,9,2,4,52,48,1,9,5
208149,2025-09-27,7,Chelsea,Brentford,D,10.0,1.8,0.6,6.0,3.2,0.5333333333333333,1.2000000000000002,8.0,0.6,0.4,5.2,1.0,0.1923076923076923,0.19999999999999996,2.0,1.2000000000000002,0.19999999999999996,0.0,0.0,0.0,1,1,6,8,2,4,56,44,1,9,5
371631,2025-10-04,8,Bournemouth,Arsenal,A,8.0,0.8,0.2,2.4,1.2,0.5,0.6000000000000001,6.0,0.6,0.4,5.2,2.6,0.5,0.19999999999999996,2.0,0.20000000000000007,-0.2,0.0,0.0,0.0,0,1,2,10,0,3,36,64,1,10,5
369444,2025-10-04,8,Leeds United,Burnley,D,4.0,0.4,1.0,4.4,1.4,0.3181818181818181,-0.6,7.0,0.8,0.8,3.8,1.4,0.3684210526315789,0.0,-3.0,-0.4,0.19999999999999996,0.0,0.0,0.0,0,0,6,10,2,5,58,42,1,10,5
122509,2025-10-04,8,Wolves,Sunderland,H,11.0,1.0,0.2,4.6,2.2,0.47826086956521746,0.8,3.0,0.2,0.8,3.0,1.0,0.3333333333333333,-0.6000000000000001,8.0,0.8,-0.6000000000000001,0.0,0.0,0.0,1,0,6,2,3,0,54,46,1,10,5
507951,2025-10-04,8,Everton,Liverpool,D,4.0,1.0,1.6,3.4,1.4,0.4117647058823529,-0.6000000000000001,10.0,0.8,0.6,5.2,2.2,0.4230769230769231,0.20000000000000007,-6.0,0.19999999999999996,1.0,0.0,0.0,0.0,0,0,2,2,1,0,37,63,1,10,5
826687,2025-10-04,8,Crystal Palace,Chelsea,H,11.0,0.6,0.0,4.8,1.4,0.2916666666666667,0.6,8.0,1.4,0.4,6.8,3.0,0.4411764705882353,0.9999999999999999,3.0,-0.7999999999999999,-0.4,0.0,0.0,0.0,1,0,3,6,1,3,44,56,1,10,5
435431,2025-10-04,8,Nottingham Forest,Aston Villa,D,7.0,0.4,0.6,3.6,1.2,0.3333333333333333,-0.19999999999999996,5.0,0.6,0.6,3.2,1.4,0.43749999999999994,0.0,2.0,-0.19999999999999996,0.0,0.0,0.0,0.0,0,0,4,2,2,1,49,51,1,10,5
126646,2025-10-04,8,Brentford,Manchester United,A,6.0,0.6,0.6,5.8,1.6,0.27586206896551724,0.0,3.0,0.2,1.2,3.2,0.8,0.25,-1.0,3.0,0.39999999999999997,-0.6,0.0,0.0,0.0,0,2,2,8,1,3,48,52,1,10,5
577548,2025-10-04,8,Fulham,Newcastle United,H,9.0,0.8,0.4,5.2,2.0,0.3846153846153846,0.4,9.0,0.6,0.0,3.6,1.4,0.38888888888888884,0.6,0.0,0.20000000000000007,0.4,0.0,0.0,0.0,1,0,8,2,2,0,48,52,1,10,5
482399,2025-10-04,8,West Ham,Tottenham,D,5.0,0.8,0.8,3.8,1.8,0.4736842105263158,0.0,5.0,0.2,0.6,5.4,1.6,0.2962962962962963,-0.39999999999999997,0.0,0.6000000000000001,0.20000000000000007,0.0,0.0,0.0,0,0,3,2,0,0,48,52,1,10,5
149548,2025-10-04,8,Manchester City,Brighton,H,6.0,0.4,0.8,6.0,2.2,0.3666666666666667,-0.4,3.0,0.2,0.8,5.8,1.8,0.3103448275862069,-0.6000000000000001,3.0,0.2,0.0,0.0,0.0,0.0,3,1,4,2,3,1,48,52,1,10,5
601241,2025-10-11,9,Liverpool,Leeds United,D,8.0,0.6,0.6,4.2,1.6,0.38095238095238093,0.0,2.0,0.2,1.0,4.6,1.6,0.3478260869565218,-0.8,6.0,0.39999999999999997,-0.4,0.0,0.0,0.0,1,1,8,2,4,1,65,35,1,10,5
108333,2025-10-11,9,Arsenal,Wolves,D,9.0,0.8,0.2,5.2,2.6,0.5,0.6000000000000001,11.0,0.8,0.2,5.4,2.4,0.4444444444444444,0.6000000000000001,-2.0,0.0,0.0,0.0,0.0,0.0,0,0,2,2,0,0,60,40,1,10,5
180838,2025-10-11,9,Chelsea,Everton,H,5.0,0.6,0.6,6.6,2.8,0.42424242424242425,0.0,4.0,0.8,1.4,3.2,1.4,0.43749999999999994,-0.5999999999999999,1.0,-0.20000000000000007,-0.7999999999999999,0.0,0.0,0.0,1,0,8,2,2,0,65,35,1,10,5
488193,2025-10-11,9,Tottenham,Bournemouth,H,3.0,0.0,0.6,4.2,1.2,0.2857142857142857,-0.6,7.0,0.8,0.4,2.4,1.2,0.5,0.4,-4.0,-0.8,0.19999999999999996,0.0,0.0,0.0,2,0,2,2,2,0,53,47,1,10,5
509011,2025-10-11,9,Sunderland,Burnley,H,3.0,0.2,0.8,2.8,0.8,0.28571428571428575,-0.6000000000000001,5.0,0.6,0.8,5.4,2.2,0.40740740740740744,-0.20000000000000007,-2.0,-0.39999999999999997,0.0,0.0,0.0,0.0,2,1,6,4,2,1,47,53,1,10,5
200440,2025-10-11,9,Newcastle United,West Ham,D,6.0,0.4,0.2,3.6,1.2,0.3333333333333333,0.2,6.0,0.8,0.6,3.4,1.6,0.4705882352941177,0.20000000000000007,0.0,-0.4,-0.39999999999999997,0.0,0.0,0.0,0,0,3,2,1,0,53,47,1,10,5
866786,2025-10-11,9,Aston Villa,Brentford,D,6.0,0.6,0.4,3.0,1.4,0.4666666666666666,0.19999999999999996,5.0,0.6,1.0,4.4,1.4,0.3181818181818181,-0.4,1.0,0.0,-0.6,0.0,0.0,0.0,0,0,2,2,0,0,46,54,1,10,5
266661,2025-10-11,9,Brighton,Fulham,D,3.0,0.4,1.2,5.8,2.0,0.3448275862068966,-0.7999999999999999,11.0,0.8,0.2,6.4,2.2,0.34375,0.6000000000000001,-8.0,-0.4,1.0,0.0,0.0,0.0,1,1,6,2,1,1,46,54,1,10,5
523247,2025-10-11,9,Nottingham Forest,Manchester City,D,8.0,0.4,0.2,3.6,1.2,0.3333333333333333,0.2,9.0,1.0,0.2,6.0,2.6,0.43333333333333335,0.8,-1.0,-0.6,0.0,0.0,0.0,0.0,0,0,6,3,3,1,44,56,1,10,5
469120,2025-10-11,9,Manchester United,Crystal Palace,D,6.0,0.6,1.0,4.4,1.4,0.3181818181818181,-0.4,11.0,0.6,0.0,4.0,1.2,0.3,0.6,-5.0,0.0,1.0,0.0,0.0,0.0,0,0,2,2,0,0,53,47,1,10,5
747380,2025-10-18,10,Sunderland,Liverpool,H,5.0,0.6,1.0,3.6,1.2,0.3333333333333333,-0.4,9.0,0.6,0.2,5.2,2.2,0.4230769230769231,0.39999999999999997,-4.0,0.0,0.8,0.0,0.0,0.0,1,0,12,8,5,3,44,56,1,10,5
824486,2025-10-18,10,Burnley,Arsenal,A,4.0,0.8,1.2,5.8,2.2,0.37931034482758624,-0.3999999999999999,9.0,0.8,0.2,4.2,1.8,0.42857142857142855,0.6000000000000001,-5.0,0.0,1.0,0.0,0.0,0.0,0,3,7,10,2,5,39,61,1,10,5
290932,2025-10-18,10,Leeds United,Chelsea,A,3.0,0.4,1.0,4.2,1.6,0.38095238095238093,-0.6,5.0,0.4,0.6,6.2,2.4,0.3870967741935484,-0.19999999999999996,-2.0,0.0,0.4,0.0,0.0,0.0,0,2,3,8,1,4,46,54,1,10,5
319387,2025-10-18,10,Wolves,Tottenham,D,11.0,0.6,0.0,4.6,1.8,0.391304347826087,0.6,5.0,0.4,0.6,4.2,1.4,0.3333333333333333,-0.19999999999999996,6.0,0.19999999999999996,-0.6,0.0,0.0,0.0,1,1,2,3,1,1,49,51,1,10,5
610243,2025-10-18,10,Everton,Manchester United,H,1.0,0.4,1.4,3.2,1.0,0.3125,-0.9999999999999999,7.0,0.6,0.6,4.0,1.2,0.3,0.0,-6.0,-0.19999999999999996,0.7999999999999999,0.0,0.0,0.0,2,0,3,2,2,0,39,61,1,10,5
786796,2025-10-18,10,Bournemouth,Newcastle United,D,7.0,0.8,0.6,2.4,1.0,0.4166666666666667,0.20000000000000007,6.0,0.4,0.2,3.8,1.4,0.3684210526315789,0.2,1.0,0.4,0.39999999999999997,0.0,0.0,0.0,1,1,2,2,1,1,48,52,1,10,5
473541,2025-10-18,10,West Ham,Brighton,H,7.0,0.6,0.2,2.4,0.8,0.33333333333333337,0.39999999999999997,3.0,0.6,1.4,5.6,1.6,0.28571428571428575,-0.7999999999999999,4.0,0.0,-1.2,0.0,0.0,0.0,1,0,9,6,3,3,53,47,1,10,5
764721,2025-10-18,10,Brentford,Nottingham Forest,A,5.0,0.4,0.8,3.8,1.2,0.3157894736842105,-0.4,8.0,0.4,0.2,3.8,1.6,0.4210526315789474,0.2,-3.0,0.0,0.6000000000000001,0.0,0.0,0.0,0,1,4,4,2,1,51,49,1,10,5
371349,2025-10-18,10,Manchester City,Fulham,D,9.0,1.0,0.2,5.4,2.4,0.4444444444444444,0.8,9.0,0.8,0.4,4.8,1.4,0.2916666666666667,0.4,0.0,0.19999999999999996,-0.2,0.0,0.0,0.0,0,0,2,2,0,1,62,38,1,10,5
582579,2025-10-18,10,Crystal Palace,Aston Villa,H,9.0,0.4,0.0,3.2,0.8,0.25,0.4,4.0,0.0,0.2,2.8,0.8,0.28571428571428575,-0.2,5.0,0.4,-0.2,0.0,0.0,0.0,1,0,2,5,1,2,38,62,1,10,5
309617,2025-10-25,11,Manchester United,Leeds United,D,7.0,0.6,0.6,4.0,1.2,0.3,0.0,2.0,0.2,1.2,3.4,1.2,0.35294117647058826,-1.0,5.0,0.39999999999999997,-0.6,0.0,0.0,0.0,0,0,6,2,2,1,47,53,1,10,5
102770,2025-10-25,11,Chelsea,Sunderland,H,7.0,0.8,0.6,6.0,2.2,0.3666666666666667,0.20000000000000007,7.0,0.6,0.8,5.2,1.8,0.34615384615384615,-0.20000000000000007,0.0,0.20000000000000007,-0.20000000000000007,0.0,0.0,0.0,3,0,10,2,3,1,65,35,1,10,5
906508,2025-10-25,11,Tottenham,Burnley,D,6.0,0.6,0.4,4.4,1.6,0.36363636363636365,0.19999999999999996,4.0,0.8,1.6,6.6,2.6,0.393939393939394,-0.8,2.0,-0.20000000000000007,-1.2000000000000002,0.0,0.0,0.0,0,0,3,2,1,0,53,47,1,10,5
588127,2025-10-25,11,Newcastle United,Wolves,D,4.0,0.2,0.4,3.6,1.2,0.3333333333333333,-0.2,11.0,0.8,0.2,3.2,1.2,0.37499999999999994,0.6000000000000001,-7.0,-0.6000000000000001,0.2,0.0,0.0,0.0,0,0,5,5,2,2,52,48,1,10,5
799622,2025-10-25,11,Arsenal,Liverpool,D,9.0,0.8,0.0,5.8,2.2,0.37931034482758624,0.8,6.0,0.4,0.4,6.2,2.6,0.41935483870967744,0.0,3.0,0.4,-0.4,0.0,0.0,0.0,0,0,3,4,1,1,43,57,1,10,5
199622,2025-10-25,11,Brighton,Bournemouth,D,3.0,0.4,1.0,5.4,1.8,0.3333333333333333,-0.6,5.0,0.6,0.8,2.4,0.8,0.33333333333333337,-0.20000000000000007,-2.0,-0.19999999999999996,0.19999999999999996,0.0,0.0,0.0,0,0,5,3,2,1,61,39,1,10,5
142087,2025-10-25,11,Brentford,Manchester City,D,2.0,0.2,1.0,3.6,1.4,0.38888888888888884,-0.8,7.0,0.6,0.2,4.2,1.8,0.42857142857142855,0.39999999999999997,-5.0,-0.39999999999999997,0.8,0.0,0.0,0.0,0,0,3,5,1,1,44,56,1,10,5
462301,2025-10-25,11,Aston Villa,Everton,H,3.0,0.0,0.4,3.4,1.0,0.29411764705882354,-0.4,4.0,0.8,1.0,2.6,1.2,0.4615384615384615,-0.19999999999999996,-1.0,-0.8,-0.6,0.0,0.0,0.0,1,0,10,2,3,1,58,42,1,10,5
895250,2025-10-25,11,Nottingham Forest,Crystal Palace,H,11.0,0.6,0.0,4.0,1.6,0.4,0.6,11.0,0.6,0.0,3.0,0.8,0.26666666666666666,0.6,0.0,0.0,0.0,0.0,0.0,0.0,1,0,5,2,2,0,51,49,1,10,5
405529,2025-10-25,11,Fulham,West Ham,H,9.0,0.6,0.2,4.0,1.4,0.35,0.39999999999999997,9.0,0.6,0.0,3.8,1.2,0.3157894736842105,0.6,0.0,0.0,0.2,0.0,0.0,0.0,1,0,4,3,1,1,45,55,1,10,5
117789,2025-11-01,12,Arsenal,Chelsea,D,9.0,0.8,0.0,6.0,2.2,0.3666666666666667,0.8,10.0,1.4,0.4,7.6,2.8,0.3684210526315789,0.9999999999999999,-1.0,-0.5999999999999999,-0.4,0.0,0.0,0.0,0,0,3,2,1,1,46,54,1,11,5
374529,2025-11-01,12,Liverpool,Tottenham,D,4.0,0.2,0.4,6.2,2.6,0.41935483870967744,-0.2,6.0,0.6,0.4,3.0,1.2,0.39999999999999997,0.19999999999999996,-2.0,-0.39999999999999997,0.0,0.0,0.0,0.0,0,0,5,3,2,1,56,44,1,11,5
429701,2025-11-01,12,Sunderland,Manchester United,D,7.0,0.6,1.0,4.8,1.8,0.375,-0.4,5.0,0.4,0.6,4.0,1.0,0.25,-0.19999999999999996,2.0,0.19999999999999996,0.4,0.0,0.0,0.0,1,1,4,5,1,2,41,59,1,11,5
753561,2025-11-01,12,Leeds United,Aston Villa,A,3.0,0.2,0.8,3.4,1.2,0.35294117647058826,-0.6000000000000001,6.0,0.2,0.2,5.0,1.6,0.32,0.0,-3.0,0.0,0.6000000000000001,0.0,0.0,0.0,0,1,5,5,2,1,49,51,1,11,5
743054,2025-11-01,12,Burnley,Newcastle United,H,5.0,0.8,1.4,6.6,2.4,0.36363636363636365,-0.5999999999999999,4.0,0.2,0.4,4.2,1.4,0.3333333333333333,-0.2,1.0,0.6000000000000001,0.9999999999999999,0.0,0.0,0.0,1,0,4,3,1,1,49,51,1,11,5
660437,2025-11-01,12,Everton,Nottingham Forest,H,4.0,0.8,1.0,2.2,1.2,0.5454545454545454,-0.19999999999999996,11.0,0.6,0.0,4.6,1.8,0.391304347826087,0.6,-7.0,0.20000000000000007,1.0,0.0,0.0,0.0,2,1,3,3,2,1,42,58,1,11,5
691801,2025-11-01,12,Bournemouth,Fulham,D,3.0,0.2,0.8,2.6,0.6,0.23076923076923075,-0.6000000000000001,11.0,0.8,0.2,3.6,1.2,0.3333333333333333,0.6000000000000001,-8.0,-0.6000000000000001,0.6000000000000001,0.0,0.0,0.0,0,0,6,2,1,0,54,46,1,11,5
389379,2025-11-01,12,Crystal Palace,Brentford,H,8.0,0.4,0.2,2.2,0.4,0.18181818181818182,0.2,3.0,0.2,0.8,3.8,1.6,0.4210526315789474,-0.6000000000000001,5.0,0.2,-0.6000000000000001,0.0,0.0,0.0,1,0,3,4,1,2,52,48,1,11,5
101495,2025-11-01,12,Manchester City,West Ham,H,7.0,0.6,0.2,4.6,1.8,0.391304347826087,0.39999999999999997,6.0,0.2,0.2,3.8,1.0,0.2631578947368421,0.0,1.0,0.39999999999999997,0.0,0.0,0.0,0.0,3,0,3,2,3,0,66,34,1,11,5
472542,2025-11-01,12,Wolves,Brighton,D,9.0,0.6,0.2,3.4,1.4,0.4117647058823529,0.39999999999999997,3.0,0.4,1.0,4.4,1.6,0.36363636363636365,-0.6,6.0,0.19999999999999996,-0.8,0.0,0.0,0.0,0,0,3,3,1,1,43,57,1,11,5
146277,2025-11-08,13,Tottenham,Chelsea,A,7.0,0.6,0.2,2.6,1.0,0.3846153846153846,0.39999999999999997,10.0,1.2,0.2,6.8,2.6,0.3823529411764706,1.0,-3.0,-0.6,0.0,0.0,0.0,0.0,1,2,8,6,4,3,49,51,1,11,5
288983,2025-11-08,13,Manchester United,Arsenal,H,6.0,0.6,0.6,4.6,1.4,0.30434782608695654,0.0,9.0,0.8,0.0,5.6,2.0,0.35714285714285715,0.8,-3.0,-0.20000000000000007,0.6,0.0,0.0,0.0,1,0,5,7,1,3,46,54,1,11,5
849275,2025-11-08,13,Newcastle United,Liverpool,D,3.0,0.2,0.6,3.0,1.0,0.3333333333333333,-0.39999999999999997,4.0,0.2,0.4,5.4,2.0,0.37037037037037035,-0.2,-1.0,0.0,0.19999999999999996,0.0,0.0,0.0,0,0,2,4,1,1,53,47,1,11,5
739788,2025-11-08,13,Aston Villa,Sunderland,H,8.0,0.4,0.2,4.8,1.4,0.2916666666666667,0.2,7.0,0.8,1.2,5.2,1.8,0.34615384615384615,-0.3999999999999999,1.0,-0.4,-1.0,0.0,0.0,0.0,3,0,7,2,3,0,50,50,1,11,5
817758,2025-11-08,13,Brighton,Burnley,D,3.0,0.4,1.0,4.4,1.6,0.36363636363636365,-0.6,5.0,0.4,1.0,5.4,1.8,0.3333333333333333,-0.6,-2.0,0.0,0.0,0.0,0.0,0.0,1,1,5,2,1,1,54,46,1,11,5
509015,2025-11-08,13,Nottingham Forest,Leeds United,H,8.0,0.6,0.4,4.4,1.8,0.40909090909090906,0.19999999999999996,3.0,0.2,0.8,3.6,1.4,0.38888888888888884,-0.6000000000000001,5.0,0.39999999999999997,-0.4,0.0,0.0,0.0,1,0,3,6,1,1,46,54,1,11,5
462544,2025-11-08,13,Brentford,Everton,D,2.0,0.0,0.8,3.0,1.2,0.39999999999999997,-0.8,7.0,0.8,0.6,2.4,1.2,0.5,0.20000000000000007,-5.0,-0.8,0.20000000000000007,0.0,0.0,0.0,2,2,8,5,3,2,49,51,1,11,5
731251,2025-11-08,13,West Ham,Bournemouth,H,5.0,0.2,0.8,3.8,0.8,0.2105263157894737,-0.6000000000000001,3.0,0.2,0.8,3.0,0.6,0.19999999999999998,-0.6000000000000001,2.0,0.0,0.0,0.0,0.0,0.0,2,1,8,4,4,1,49,51,1,11,5
591369,2025-11-08,13,Crystal Palace,Manchester City,D,10.0,0.6,0.2,2.4,0.6,0.25,0.39999999999999997,9.0,1.2,0.2,3.4,1.6,0.4705882352941177,1.0,1.0,-0.6,0.0,0.0,0.0,0.0,0,0,4,6,2,2,40,60,1,11,5
921403,2025-11-08,13,Fulham,Wolves,H,9.0,0.6,0.2,3.6,1.0,0.2777777777777778,0.39999999999999997,7.0,0.4,0.2,3.6,1.4,0.38888888888888884,0.2,2.0,0.19999999999999996,0.0,0.0,0.0,0.0,4,1,2,7,4,2,48,52,1,11,5
528482,2025-11-15,14,Tottenham,Manchester United,H,6.0,0.8,0.6,3.8,1.8,0.4736842105263158,0.20000000000000007,6.0,0.4,0.6,4.0,1.0,0.25,-0.19999999999999996,0.0,0.4,0.0,0.0,0.0,0.0,1,0,11,2,5,0,45,55,1,11,5
847032,2025-11-15,14,Chelsea,Newcastle United,D,13.0,1.6,0.2,6.8,2.6,0.3823529411764706,1.4000000000000001,4.0,0.2,0.4,3.0,1.2,0.39999999999999997,-0.2,9.0,1.4000000000000001,-0.2,0.0,0.0,0.0,0,0,3,4,1,2,51,49,1,11,5
843949,2025-11-15,14,Arsenal,Aston Villa,H,6.0,0.6,0.2,5.0,2.0,0.4,0.39999999999999997,10.0,1.0,0.2,5.8,1.8,0.3103448275862069,0.8,-4.0,-0.4,0.0,0.0,0.0,0.0,1,0,6,2,2,1,46,54,1,11,5
193433,2025-11-15,14,Liverpool,Brighton,H,4.0,0.2,0.4,5.8,2.2,0.37931034482758624,-0.2,4.0,0.4,0.6,5.0,1.6,0.32,-0.19999999999999996,0.0,-0.2,-0.19999999999999996,0.0,0.0,0.0,2,0,2,2,2,0,60,40,1,11,5
887574,2025-11-15,14,Sunderland,Nottingham Forest,H,7.0,0.8,1.6,5.2,1.8,0.34615384615384615,-0.8,10.0,0.8,0.4,4.2,1.6,0.38095238095238093,0.4,-3.0,0.0,1.2000000000000002,0.0,0.0,0.0,2,0,2,3,2,1,48,52,1,11,5
265273,2025-11-15,14,Burnley,Fulham,A,5.0,0.6,1.2,3.8,1.0,0.2631578947368421,-0.6,9.0,1.2,0.4,2.4,1.4,0.5833333333333334,0.7999999999999999,-4.0,-0.6,0.7999999999999999,0.0,0.0,0.0,0,1,7,4,3,1,46,54,1,11,5
742918,2025-11-15,14,Wolves,West Ham,H,4.0,0.4,1.0,3.8,1.2,0.3157894736842105,-0.6,7.0,0.6,1.0,4.8,1.6,0.33333333333333337,-0.4,-3.0,-0.19999999999999996,0.0,0.0,0.0,0.0,1,0,8,4,4,1,52,48,1,11,5
492684,2025-11-15,14,Everton,Crystal Palace,D,7.0,1.2,1.0,3.0,1.4,0.4666666666666666,0.19999999999999996,8.0,0.4,0.2,2.6,0.8,0.3076923076923077,0.2,-1.0,0.7999999999999999,0.8,0.0,0.0,0.0,1,1,4,2,2,1,50,50,1,11,5
178139,2025-11-15,14,Manchester City,Bournemouth,D,7.0,0.6,0.0,3.8,1.4,0.3684210526315789,0.6,3.0,0.4,1.0,3.4,0.8,0.23529411764705885,-0.6,4.0,0.19999999999999996,-1.0,0.0,0.0,0.0,1,1,6,3,1,1,50,50,1,11,5
518211,2025-11-15,14,Leeds United,Brentford,D,2.0,0.2,1.0,3.6,1.2,0.3333333333333333,-0.8,3.0,0.4,0.8,4.2,1.6,0.38095238095238093,-0.4,-1.0,-0.2,0.19999999999999996,0.0,0.0,0.0,0,0,3,3,1,0,45,55,1,11,5
432835,2025-11-22,15,Nottingham Forest,Arsenal,D,9.0,0.8,0.8,3.6,1.2,0.3333333333333333,0.0,8.0,0.8,0.2,5.8,2.4,0.41379310344827586,0.6000000000000001,1.0,0.0,0.6000000000000001,0.0,0.0,0.0,0,0,6,8,2,3,43,57,1,11,5
690914,2025-11-22,15,Aston Villa,Tottenham,H,9.0,1.0,0.4,5.8,2.0,0.3448275862068966,0.6,6.0,0.6,0.6,5.6,2.4,0.4285714285714286,0.0,3.0,0.4,-0.19999999999999996,0.0,0.0,0.0,1,0,2,5,1,2,42,58,1,11,5
388643,2025-11-22,15,Brighton,Chelsea,D,3.0,0.2,0.8,4.2,1.4,0.3333333333333333,-0.6000000000000001,11.0,1.4,0.2,5.8,2.4,0.41379310344827586,1.2,-8.0,-1.2,0.6000000000000001,0.0,0.0,0.0,0,0,9,2,4,0,43,57,1,11,5
192955,2025-11-22,15,Fulham,Liverpool,H,11.0,1.2,0.2,2.8,1.4,0.5,1.0,6.0,0.4,0.2,4.6,1.8,0.391304347826087,0.2,5.0,0.7999999999999999,0.0,0.0,0.0,0.0,1,0,2,8,1,4,47,53,1,11,5
950966,2025-11-22,15,Newcastle United,Manchester United,A,4.0,0.2,0.4,3.2,1.4,0.43749999999999994,-0.2,5.0,0.4,0.8,4.0,1.0,0.25,-0.4,-1.0,-0.2,-0.4,0.0,0.0,0.0,0,1,5,2,2,1,43,57,1,11,5
573453,2025-11-22,15,West Ham,Burnley,H,6.0,0.6,1.2,5.2,1.8,0.34615384615384615,-0.6,5.0,0.4,1.0,4.4,1.4,0.3181818181818181,-0.6,1.0,0.19999999999999996,0.19999999999999996,0.0,0.0,0.0,1,0,7,2,3,1,48,52,1,11,5
722789,2025-11-22,15,Crystal Palace,Leeds United,D,8.0,0.6,0.4,2.6,1.0,0.3846153846153846,0.19999999999999996,2.0,0.0,0.8,3.8,1.2,0.3157894736842105,-0.8,6.0,0.6,-0.4,0.0,0.0,0.0,0,0,2,2,1,1,53,47,1,11,5
149743,2025-11-22,15,Bournemouth,Wolves,D,4.0,0.6,0.8,3.6,1.0,0.2777777777777778,-0.20000000000000007,6.0,0.6,1.0,5.0,2.0,0.4,-0.4,-2.0,0.0,-0.19999999999999996,0.0,0.0,0.0,0,0,7,2,3,1,45,55,1,11,5
319870,2025-11-22,15,Everton,Manchester City,D,8.0,1.4,1.0,3.4,1.8,0.5294117647058824,0.3999999999999999,7.0,0.8,0.2,4.4,1.4,0.3181818181818181,0.6000000000000001,1.0,0.5999999999999999,0.8,0.0,0.0,0.0,0,0,4,5,2,1,37,63,1,11,5
983688,2025-11-22,15,Brentford,Sunderland,H,3.0,0.4,0.8,4.4,1.6,0.36363636363636365,-0.4,7.0,0.8,1.4,4.4,1.8,0.40909090909090906,-0.5999999999999999,-4.0,-0.4,-0.5999999999999999,0.0,0.0,0.0,2,1,6,2,2,1,49,51,1,11,5
240181,2025-11-29,16,Newcastle United,Aston Villa,H,3.0,0.0,0.4,3.8,1.6,0.4210526315789474,-0.4,12.0,1.2,0.2,5.2,1.8,0.34615384615384615,1.0,-9.0,-1.2,0.2,0.0,0.0,0.0,1,0,4,2,1,1,47,53,1,11,5
943251,2025-11-29,16,Manchester United,Brighton,D,8.0,0.6,0.4,4.0,1.2,0.3,0.19999999999999996,4.0,0.2,0.6,4.8,1.6,0.33333333333333337,-0.39999999999999997,4.0,0.39999999999999997,-0.19999999999999996,0.0,0.0,0.0,1,1,6,2,2,1,56,44,1,11,5
670810,2025-11-29,16,Tottenham,Nottingham Forest,D,5.0,0.4,0.6,6.0,2.6,0.43333333333333335,-0.19999999999999996,7.0,0.6,0.8,4.0,1.4,0.35,-0.20000000000000007,-2.0,-0.19999999999999996,-0.20000000000000007,0.0,0.0,0.0,0,0,6,2,3,1,48,52,1,11,5
895752,2025-11-29,16,Chelsea,Fulham,A,9.0,1.0,0.2,4.6,1.6,0.3478260869565218,0.8,13.0,1.4,0.2,2.8,1.4,0.5,1.2,-4.0,-0.3999999999999999,0.0,0.0,0.0,0.0,0,1,7,8,2,3,61,39,1,11,5
439060,2025-11-29,16,Arsenal,Brentford,H,6.0,0.2,0.2,5.4,2.0,0.37037037037037035,0.0,6.0,0.8,0.8,4.8,1.6,0.33333333333333337,0.0,0.0,-0.6000000000000001,-0.6000000000000001,0.0,0.0,0.0,1,0,7,2,2,0,54,46,1,11,5
202240,2025-11-29,16,Liverpool,West Ham,A,6.0,0.4,0.2,4.6,2.0,0.4347826086956522,0.2,6.0,0.6,1.2,4.8,1.8,0.375,-0.6,0.0,-0.19999999999999996,-1.0,0.0,0.0,0.0,0,1,8,2,4,1,61,39,1,11,5
646489,2025-11-29,16,Sunderland,Crystal Palace,D,4.0,0.8,1.8,2.4,1.0,0.4166666666666667,-1.0,6.0,0.4,0.4,2.6,1.0,0.3846153846153846,0.0,-2.0,0.4,1.4,0.0,0.0,0.0,0,0,3,2,1,1,45,55,1,11,5
756474,2025-11-29,16,Burnley,Bournemouth,D,5.0,0.4,0.6,3.4,1.2,0.35294117647058826,-0.19999999999999996,4.0,0.4,0.6,4.6,1.4,0.30434782608695654,-0.19999999999999996,1.0,0.0,0.0,0.0,0.0,0.0,1,1,2,5,1,2,55,45,1,11,5
608569,2025-11-29,16,Leeds United,Everton,D,3.0,0.0,0.4,3.6,1.2,0.3333333333333333,-0.4,6.0,1.0,1.0,3.6,1.8,0.5,0.0,-3.0,-1.0,-0.6,0.0,0.0,0.0,0,0,4,2,1,1,60,40,1,11,5
865801,2025-11-29,16,Manchester City,Wolves,H,7.0,0.8,0.2,5.0,1.6,0.32,0.6000000000000001,6.0,0.4,0.8,5.0,2.0,0.4,-0.4,1.0,0.4,-0.6000000000000001,0.0,0.0,0.0,2,0,7,2,2,1,58,42,1,11,5
479589,2025-12-06,17,Brighton,Aston Villa,A,4.0,0.4,0.8,4.2,1.4,0.3333333333333333,-0.4,9.0,1.0,0.4,3.6,1.4,0.38888888888888884,0.6,-5.0,-0.6,0.4,0.0,0.0,0.0,0,1,4,4,2,1,54,46,1,12,5
929552,2025-12-06,17,Nottingham Forest,Newcastle United,D,5.0,0.4,0.8,3.4,1.2,0.35294117647058826,-0.4,5.0,0.2,0.4,3.6,1.4,0.38888888888888884,-0.2,0.0,0.2,0.4,0.0,0.0,0.0,0,0,3,2,1,0,45,55,1,12,5
705567,2025-12-06,17,Fulham,Manchester United,D,13.0,1.4,0.2,3.6,1.8,0.5,1.2,8.0,0.8,0.6,4.0,1.2,0.3,0.20000000000000007,5.0,0.5999999999999999,-0.39999999999999997,0.0,0.0,0.0,0,0,6,6,3,2,41,59,1,12,5
256778,2025-12-06,17,Brentford,Tottenham,A,5.0,0.8,1.0,4.6,1.4,0.30434782608695654,-0.19999999999999996,5.0,0.4,0.6,6.6,3.0,0.4545454545454546,-0.19999999999999996,0.0,0.4,0.4,0.0,0.0,0.0,0,1,3,3,1,1,48,52,1,12,5
583496,2025-12-06,17,West Ham,Chelsea,D,9.0,0.8,1.0,4.6,1.8,0.391304347826087,-0.19999999999999996,6.0,0.4,0.4,4.0,1.4,0.35,0.0,3.0,0.4,0.6,0.0,0.0,0.0,1,1,2,8,1,2,41,59,1,12,5
334735,2025-12-06,17,Crystal Palace,Arsenal,H,7.0,0.4,0.2,2.6,1.2,0.4615384615384615,0.2,8.0,0.4,0.2,6.2,2.2,0.3548387096774194,0.2,-1.0,0.0,0.0,0.0,0.0,0.0,2,0,2,3,2,1,47,53,1,12,5
501465,2025-12-06,17,Bournemouth,Liverpool,H,4.0,0.6,0.8,5.0,1.6,0.32,-0.20000000000000007,5.0,0.4,0.4,5.4,2.6,0.48148148148148145,0.0,-1.0,0.19999999999999996,0.4,0.0,0.0,0.0,1,0,4,2,2,0,41,59,1,12,5
752032,2025-12-06,17,Everton,Sunderland,D,7.0,1.0,0.8,3.6,1.8,0.5,0.19999999999999996,5.0,0.8,1.2,2.6,1.0,0.3846153846153846,-0.3999999999999999,2.0,0.19999999999999996,-0.3999999999999999,0.0,0.0,0.0,0,0,2,3,0,0,55,45,1,12,5
978306,2025-12-06,17,Wolves,Burnley,H,5.0,0.4,1.2,4.4,1.8,0.40909090909090906,-0.7999999999999999,5.0,0.6,0.8,3.4,1.4,0.4117647058823529,-0.20000000000000007,0.0,-0.19999999999999996,0.3999999999999999,0.0,0.0,0.0,2,1,5,4,2,2,51,49,1,12,5
214258,2025-12-06,17,Leeds United,Manchester City,D,3.0,0.0,0.4,4.0,1.2,0.3,-0.4,9.0,1.2,0.2,5.4,1.8,0.3333333333333333,1.0,-6.0,-1.2,0.2,0.0,0.0,0.0,0,0,2,9,1,4,46,54,1,12,5
114224,2025-12-13,18,Brighton,Nottingham Forest,D,3.0,0.4,1.0,4.4,1.6,0.36363636363636365,-0.6,6.0,0.2,0.4,3.4,1.2,0.35294117647058826,-0.2,-3.0,0.2,0.6,0.0,0.0,0.0,0,0,6,4,2,2,47,53,1,12,5
739440,2025-12-13,18,Aston Villa,Fulham,D,9.0,1.0,0.4,3.4,1.4,0.4117647058823529,0.6,13.0,1.4,0.2,4.4,2.4,0.5454545454545454,1.2,-4.0,-0.3999999999999999,0.2,0.0,0.0,0.0,2,2,5,2,2,2,47,53,1,12,5
382461,2025-12-13,18,Newcastle United,Brentford,D,6.0,0.2,0.2,3.4,1.2,0.35294117647058826,0.0,5.0,0.8,1.0,4.4,1.2,0.2727272727272727,-0.19999999999999996,1.0,-0.6000000000000001,-0.8,0.0,0.0,0.0,0,0,7,5,2,1,58,42,1,12,5
257218,2025-12-13,18,Manchester United,West Ham,D,8.0,0.6,0.4,4.2,1.2,0.2857142857142857,0.19999999999999996,10.0,1.0,0.6,4.6,2.0,0.4347826086956522,0.4,-2.0,-0.4,-0.19999999999999996,0.0,0.0,0.0,0,0,6,2,2,0,58,42,1,12,5
595215,2025-12-13,18,Tottenham,Crystal Palace,H,7.0,0.6,0.6,6.6,3.0,0.4545454545454546,0.0,7.0,0.6,0.2,2.4,1.4,0.5833333333333334,0.39999999999999997,0.0,0.0,0.39999999999999997,0.0,0.0,0.0,1,0,7,2,3,0,62,38,1,12,5
199651,2025-12-13,18,Arsenal,Everton,H,7.0,0.4,0.6,6.2,2.2,0.3548387096774194,-0.19999999999999996,5.0,0.6,0.6,3.4,1.4,0.4117647058823529,0.0,2.0,-0.19999999999999996,0.0,0.0,0.0,0.0,1,0,8,3,4,1,63,37,1,12,5
606904,2025-12-13,18,Liverpool,Wolves,A,4.0,0.4,0.6,4.8,2.2,0.45833333333333337,-0.19999999999999996,7.0,0.8,1.4,4.8,2.0,0.4166666666666667,-0.5999999999999999,-3.0,-0.4,-0.7999999999999999,0.0,0.0,0.0,0,1,10,2,5,1,56,44,1,12,5
412905,2025-12-13,18,Sunderland,Leeds United,D,5.0,0.6,1.0,2.4,0.8,0.33333333333333337,-0.4,4.0,0.0,0.2,3.4,1.0,0.29411764705882354,-0.2,1.0,0.6,0.8,0.0,0.0,0.0,1,1,6,7,2,3,46,54,1,12,5
371485,2025-12-13,18,Manchester City,Burnley,D,7.0,0.6,0.2,6.6,2.0,0.30303030303030304,0.39999999999999997,2.0,0.6,1.2,3.4,1.6,0.4705882352941177,-0.6,5.0,0.0,-1.0,0.0,0.0,0.0,1,1,6,6,2,3,64,36,1,12,5
736373,2025-12-13,18,Chelsea,Bournemouth,D,6.0,0.6,0.6,5.2,1.6,0.3076923076923077,0.0,6.0,0.8,0.8,4.6,1.8,0.391304347826087,0.0,0.0,-0.20000000000000007,-0.20000000000000007,0.0,0.0,0.0,0,0,2,3,0,1,50,50,1,12,5
993696,2025-12-20,19,Crystal Palace,Newcastle United,A,6.0,0.6,0.4,2.0,1.0,0.5,0.19999999999999996,6.0,0.2,0.2,4.4,1.4,0.3181818181818181,0.0,0.0,0.39999999999999997,0.2,0.0,0.0,0.0,0,2,4,5,1,2,41,59,1,12,5
862003,2025-12-20,19,Fulham,Nottingham Forest,D,11.0,1.0,0.4,4.4,2.0,0.45454545454545453,0.6,4.0,0.0,0.4,3.6,1.4,0.38888888888888884,-0.4,7.0,1.0,0.0,0.0,0.0,0.0,0,0,6,3,3,1,57,43,1,12,5
462583,2025-12-20,19,Brentford,Brighton,H,5.0,0.4,0.6,3.8,0.8,0.2105263157894737,-0.19999999999999996,3.0,0.2,0.8,4.6,1.8,0.391304347826087,-0.6000000000000001,2.0,0.2,-0.20000000000000007,0.0,0.0,0.0,2,0,4,4,2,1,44,56,1,12,5
756832,2025-12-20,19,West Ham,Aston Villa,H,8.0,0.6,0.4,3.4,1.2,0.35294117647058826,0.19999999999999996,7.0,0.8,0.8,3.0,1.2,0.39999999999999997,0.0,1.0,-0.20000000000000007,-0.4,0.0,0.0,0.0,1,0,2,3,1,1,50,50,1,12,5
567022,2025-12-20,19,Bournemouth,Manchester United,H,7.0,0.6,0.4,4.4,1.8,0.40909090909090906,0.19999999999999996,6.0,0.4,0.4,4.4,1.4,0.3181818181818181,0.0,1.0,0.19999999999999996,0.0,0.0,0.0,0.0,1,0,2,2,1,0,44,56,1,12,5
907802,2025-12-20,19,Everton,Tottenham,H,4.0,0.2,0.4,3.0,1.2,0.39999999999999997,-0.2,10.0,0.6,0.2,6.4,2.8,0.43749999999999994,0.39999999999999997,-6.0,-0.39999999999999997,0.2,0.0,0.0,0.0,2,1,4,7,2,2,39,61,1,12,5
833025,2025-12-20,19,Wolves,Chelsea,D,10.0,0.8,0.6,3.8,1.8,0.4736842105263158,0.20000000000000007,4.0,0.2,0.4,4.4,1.0,0.22727272727272727,-0.2,6.0,0.6000000000000001,0.19999999999999996,0.0,0.0,0.0,0,0,2,5,0,2,40,60,1,12,5
999296,2025-12-20,19,Leeds United,Arsenal,H,5.0,0.2,0.2,3.6,1.4,0.38888888888888884,0.0,10.0,0.6,0.4,6.4,2.4,0.37499999999999994,0.19999999999999996,-5.0,-0.39999999999999997,-0.2,0.0,0.0,0.0,1,0,5,4,2,1,46,54,1,12,5
601301,2025-12-20,19,Burnley,Liverpool,D,2.0,0.6,1.2,4.2,2.0,0.47619047619047616,-0.6,3.0,0.4,0.8,6.0,3.0,0.5,-0.4,-1.0,0.19999999999999996,0.3999999999999999,0.0,0.0,0.0,0,0,2,3,1,1,43,57,1,12,5
995098,2025-12-20,19,Sunderland,Manchester City,A,6.0,0.8,0.6,3.2,1.2,0.37499999999999994,0.20000000000000007,7.0,0.8,0.4,6.6,2.0,0.30303030303030304,0.4,-1.0,0.0,0.19999999999999996,0.0,0.0,0.0,0,5,3,5,1,5,37,63,1,12,5
739014,2025-12-27,20,Fulham,Brentford,H,9.0,0.8,0.4,4.8,2.4,0.5,0.4,7.0,0.8,0.6,4.0,1.2,0.3,0.20000000000000007,2.0,0.0,-0.19999999999999996,0.0,1.0,0.0,1,0,10,2,4,0,55,45,1,12,5
498305,2025-12-27,20,Nottingham Forest,West Ham,H,5.0,0.0,0.0,3.6,1.4,0.38888888888888884,0.0,11.0,0.8,0.2,3.0,1.2,0.39999999999999997,0.6000000000000001,-6.0,-0.8,-0.2,0.0,0.0,0.0,2,0,3,10,2,3,56,44,1,12,5
878589,2025-12-27,20,Brighton,Crystal Palace,D,3.0,0.2,0.8,5.0,2.0,0.4,-0.6000000000000001,5.0,0.4,0.6,2.4,1.0,0.4166666666666667,-0.19999999999999996,-2.0,-0.2,0.20000000000000007,0.0,1.0,0.0,0,0,8,2,4,0,60,40,1,12,5
836424,2025-12-27,20,Aston Villa,Bournemouth,D,7.0,0.8,0.8,3.2,1.2,0.37499999999999994,0.0,9.0,0.6,0.2,4.2,1.8,0.42857142857142855,0.39999999999999997,-2.0,0.20000000000000007,0.6000000000000001,0.0,1.0,0.0,0,0,2,2,0,0,52,48,1,12,5
355645,2025-12-27,20,Newcastle United,Everton,A,8.0,0.6,0.2,4.6,1.4,0.30434782608695654,0.39999999999999997,6.0,0.4,0.4,3.0,1.2,0.39999999999999997,0.0,2.0,0.19999999999999996,-0.2,0.0,0.0,0.0,1,2,5,2,2,2,62,38,1,12,5
187592,2025-12-27,20,Manchester United,Wolves,D,6.0,0.4,0.4,4.4,1.4,0.3181818181818181,0.0,8.0,0.6,0.6,2.6,1.0,0.3846153846153846,0.0,-2.0,-0.19999999999999996,-0.19999999999999996,1.0,0.0,1.0,0,0,11,6,3,2,62,38,1,12,5
322052,2025-12-27,20,Tottenham,Leeds United,H,7.0,0.6,0.6,5.6,2.2,0.3928571428571429,0.0,7.0,0.4,0.2,4.0,1.6,0.4,0.2,0.0,0.19999999999999996,0.39999999999999997,0.0,0.0,0.0,2,0,7,2,3,1,62,38,1,12,5
818361,2025-12-27,20,Chelsea,Burnley,D,4.0,0.2,0.4,4.8,1.2,0.25,-0.2,3.0,0.6,1.0,3.2,1.6,0.5,-0.4,1.0,-0.39999999999999997,-0.6,1.0,0.0,1.0,0,0,6,6,2,3,65,35,1,12,5
802753,2025-12-27,20,Arsenal,Sunderland,H,7.0,0.4,0.6,6.0,2.2,0.3666666666666667,-0.19999999999999996,3.0,0.4,1.6,3.4,1.0,0.29411764705882354,-1.2000000000000002,4.0,0.0,-1.0,1.0,0.0,1.0,2,1,2,3,2,1,53,47,1,12,5
209588,2025-12-27,20,Manchester City,Liverpool,H,9.0,1.6,0.2,6.4,2.8,0.43749999999999994,1.4000000000000001,1.0,0.0,0.8,6.2,2.8,0.4516129032258064,-0.8,8.0,1.6,-0.6000000000000001,0.0,0.0,0.0,2,0,7,2,3,1,45,55,1,12,5
965979,2026-01-03,21,West Ham,Brentford,D,8.0,0.6,0.6,3.6,1.2,0.3333333333333333,0.0,4.0,0.4,0.6,3.2,0.8,0.25,-0.19999999999999996,4.0,0.19999999999999996,0.0,0.0,1.0,0.0,0,0,8,2,2,0,54,46,1,1,5
971307,2026-01-03,21,Crystal Palace,Fulham,H,5.0,0.4,0.6,2.4,0.8,0.33333333333333337,-0.19999999999999996,9.0,0.8,0.4,6.4,3.0,0.46875,0.4,-4.0,-0.4,0.19999999999999996,0.0,0.0,0.0,1,0,5,2,2,0,48,52,1,1,5
313355,2026-01-03,21,Bournemouth,Nottingham Forest,D,9.0,0.6,0.2,3.2,1.2,0.37499999999999994,0.39999999999999997,7.0,0.4,0.0,3.0,1.4,0.4666666666666666,0.4,2.0,0.19999999999999996,0.2,0.0,0.0,0.0,1,1,9,7,5,3,50,50,1,1,5
793865,2026-01-03,21,Everton,Brighton,H,8.0,0.8,0.6,2.6,1.2,0.4615384615384615,0.20000000000000007,3.0,0.2,0.8,4.8,2.0,0.4166666666666667,-0.6000000000000001,5.0,0.6000000000000001,-0.20000000000000007,0.0,1.0,0.0,1,0,3,2,1,0,48,52,1,1,5
365516,2026-01-03,21,Wolves,Aston Villa,D,8.0,0.6,0.6,3.4,1.2,0.35294117647058826,0.0,5.0,0.6,0.8,3.2,1.0,0.3125,-0.20000000000000007,3.0,0.0,-0.20000000000000007,1.0,0.0,1.0,1,1,10,2,3,1,47,53,1,1,5
411457,2026-01-03,21,Burnley,Manchester United,D,4.0,0.6,0.8,4.0,2.0,0.5,-0.20000000000000007,4.0,0.2,0.4,6.2,1.8,0.2903225806451613,-0.2,0.0,0.39999999999999997,0.4,0.0,1.0,0.0,0,0,2,4,0,1,48,52,1,1,5
734113,2026-01-03,21,Sunderland,Tottenham,D,3.0,0.4,1.6,3.6,1.0,0.2777777777777778,-1.2000000000000002,10.0,1.0,0.4,6.0,2.4,0.39999999999999997,0.6,-7.0,-0.6,1.2000000000000002,0.0,0.0,0.0,1,1,3,4,1,2,41,59,1,1,5
252221,2026-01-03,21,Liverpool,Chelsea,D,1.0,0.0,1.0,5.0,2.2,0.44000000000000006,-1.0,4.0,0.2,0.4,5.6,1.6,0.28571428571428575,-0.2,-3.0,-0.2,0.6,0.0,1.0,0.0,0,0,2,2,1,0,47,53,1,1,5
845105,2026-01-03,21,Arsenal,Manchester City,H,9.0,0.8,0.8,4.8,2.0,0.4166666666666667,0.0,11.0,2.0,0.2,6.8,3.2,0.4705882352941177,1.8,-2.0,-1.2,0.6000000000000001,1.0,0.0,1.0,1,0,3,2,1,1,46,54,1,1,5
200383,2026-01-03,21,Leeds United,Newcastle United,A,6.0,0.4,0.6,4.0,1.6,0.4,-0.19999999999999996,8.0,0.8,0.4,4.6,1.4,0.30434782608695654,0.4,-2.0,-0.4,0.19999999999999996,0.0,0.0,0.0,0,2,5,2,1,2,52,48,1,1,5
710715,2026-01-10,22,Aston Villa,Burnley,H,6.0,0.8,0.8,3.2,1.0,0.3125,0.0,4.0,0.4,0.6,4.0,1.8,0.45,-0.19999999999999996,2.0,0.4,0.20000000000000007,0.0,1.0,0.0,2,0,7,4,3,1,55,45,1,1,5
455759,2026-01-10,22,Manchester City,Chelsea,H,8.0,1.6,0.4,5.8,3.0,0.5172413793103449,1.2000000000000002,5.0,0.2,0.2,4.6,1.2,0.2608695652173913,0.0,3.0,1.4000000000000001,0.2,0.0,1.0,0.0,1,0,4,2,1,0,51,49,1,1,5
677404,2026-01-10,22,Tottenham,Arsenal,A,10.0,1.2,0.6,5.6,2.2,0.3928571428571429,0.6,9.0,0.8,0.8,4.0,1.8,0.45,0.0,1.0,0.3999999999999999,-0.20000000000000007,1.0,0.0,1.0,0,1,5,4,2,2,55,45,1,1,5
198418,2026-01-10,22,Manchester United,Liverpool,D,4.0,0.0,0.2,5.8,1.6,0.27586206896551724,-0.2,2.0,0.0,0.8,3.8,1.6,0.4210526315789474,-0.8,2.0,0.0,-0.6000000000000001,0.0,1.0,0.0,0,0,3,4,1,2,52,48,1,1,5
574095,2026-01-10,22,Newcastle United,Sunderland,H,8.0,1.0,0.4,4.2,1.6,0.38095238095238093,0.6,3.0,0.6,1.8,3.6,1.0,0.2777777777777778,-1.2000000000000002,5.0,0.4,-1.4,1.0,0.0,1.0,3,0,3,4,3,2,66,34,1,1,5
774255,2026-01-10,22,Brighton,Leeds United,D,2.0,0.0,0.8,4.8,1.8,0.375,-0.8,5.0,0.4,1.0,4.2,1.6,0.38095238095238093,-0.6,-3.0,-0.4,-0.19999999999999996,0.0,1.0,0.0,0,0,5,5,2,2,48,52,1,1,5
109092,2026-01-10,22,Nottingham Forest,Wolves,H,7.0,0.6,0.2,4.0,1.8,0.45,0.39999999999999997,9.0,0.8,0.4,5.0,1.6,0.32,0.4,-2.0,-0.20000000000000007,-0.2,0.0,1.0,0.0,1,0,7,2,3,0,44,56,1,1,5
149441,2026-01-10,22,Fulham,Everton,D,6.0,0.6,0.6,5.2,2.4,0.4615384615384615,0.0,10.0,1.0,0.6,2.8,1.2,0.4285714285714286,0.4,-4.0,-0.4,0.0,0.0,0.0,0.0,1,1,2,5,1,1,57,43,1,1,5
226868,2026-01-10,22,Brentford,Bournemouth,H,5.0,0.4,0.4,3.2,0.8,0.25,0.0,9.0,0.6,0.2,4.0,1.8,0.45,0.39999999999999997,-4.0,-0.19999999999999996,0.2,0.0,0.0,0.0,1,0,7,2,2,0,54,46,1,1,5
752334,2026-01-10,22,West Ham,Crystal Palace,H,6.0,0.4,0.6,4.8,1.4,0.2916666666666667,-0.19999999999999996,7.0,0.6,0.6,3.0,1.0,0.3333333333333333,0.0,-1.0,-0.19999999999999996,0.0,0.0,1.0,0.0,2,0,10,7,3,2,49,51,1,1,5
227474,2026-01-17,23,Bournemouth,Crystal Palace,A,6.0,0.4,0.4,3.6,1.4,0.38888888888888884,0.0,4.0,0.2,1.0,4.0,1.0,0.25,-0.8,2.0,0.2,-0.6,0.0,1.0,0.0,0,1,5,3,2,1,51,49,1,1,5
703820,2026-01-17,23,Leeds United,Fulham,D,5.0,0.4,1.0,4.8,1.8,0.375,-0.6,6.0,0.8,0.8,4.4,2.0,0.45454545454545453,0.0,-1.0,-0.4,0.19999999999999996,0.0,1.0,0.0,1,1,5,2,2,1,44,56,1,1,5
354536,2026-01-17,23,Everton,West Ham,H,10.0,1.2,0.8,3.4,1.4,0.4117647058823529,0.3999999999999999,8.0,0.6,0.4,6.4,1.8,0.28125,0.19999999999999996,2.0,0.6,0.4,1.0,0.0,1.0,1,0,2,3,1,1,48,52,1,1,5
706774,2026-01-17,23,Wolves,Brentford,D,6.0,0.4,0.4,4.4,1.2,0.2727272727272727,0.0,8.0,0.6,0.2,4.0,1.0,0.25,0.39999999999999997,-2.0,-0.19999999999999996,0.2,0.0,0.0,0.0,0,0,10,4,3,1,53,47,1,1,5
257326,2026-01-17,23,Burnley,Nottingham Forest,D,4.0,0.2,0.6,4.0,1.6,0.4,-0.39999999999999997,9.0,0.8,0.2,4.8,2.2,0.45833333333333337,0.6000000000000001,-5.0,-0.6000000000000001,0.39999999999999997,0.0,0.0,0.0,0,0,2,7,0,3,46,54,1,1,5
276574,2026-01-17,23,Arsenal,Newcastle United,H,12.0,1.0,0.4,4.2,2.0,0.47619047619047616,0.6,10.0,1.6,0.4,4.4,2.2,0.5,1.2000000000000002,2.0,-0.6000000000000001,0.0,0.0,0.0,0.0,2,1,7,2,2,1,60,40,1,1,5
915311,2026-01-17,23,Liverpool,Aston Villa,H,3.0,0.0,0.6,4.2,2.0,0.47619047619047616,-0.6,6.0,1.0,0.8,3.8,1.4,0.3684210526315789,0.19999999999999996,-3.0,-1.0,-0.20000000000000007,0.0,1.0,0.0,2,1,2,2,2,1,58,42,1,1,5
192517,2026-01-17,23,Chelsea,Manchester United,H,4.0,0.0,0.2,3.4,0.8,0.23529411764705885,-0.2,4.0,0.0,0.2,5.2,1.4,0.2692307692307692,-0.2,0.0,0.0,0.0,1.0,0.0,1.0,1,0,4,2,1,0,47,53,1,1,5
141259,2026-01-17,23,Tottenham,Manchester City,H,7.0,1.0,0.8,6.0,2.4,0.39999999999999997,0.19999999999999996,10.0,1.8,0.4,4.8,2.4,0.5,1.4,-3.0,-0.8,0.4,0.0,0.0,0.0,1,0,4,2,2,1,49,51,1,1,5
972996,2026-01-17,23,Sunderland,Brighton,A,2.0,0.6,2.4,3.8,1.4,0.3684210526315789,-1.7999999999999998,3.0,0.0,0.6,5.0,1.8,0.36,-0.6,-1.0,0.6,1.7999999999999998,0.0,0.0,0.0,0,2,3,2,1,2,43,57,1,1,5
614754,2026-01-24,24,Bournemouth,Everton,A,5.0,0.4,0.6,4.0,1.6,0.4,-0.19999999999999996,13.0,1.4,0.6,3.2,1.4,0.43749999999999994,0.7999999999999999,-8.0,-0.9999999999999999,0.0,1.0,0.0,1.0,0,1,7,2,2,1,55,45,1,1,5
150134,2026-01-24,24,Crystal Palace,Wolves,H,7.0,0.4,0.8,4.2,1.2,0.2857142857142857,-0.4,4.0,0.2,0.4,6.0,1.6,0.26666666666666666,-0.2,3.0,0.2,0.4,0.0,0.0,0.0,1,0,7,9,3,3,55,45,1,1,5
577650,2026-01-24,24,West Ham,Leeds United,H,7.0,0.6,0.6,6.6,2.0,0.30303030303030304,0.0,5.0,0.4,1.0,4.4,1.6,0.36363636363636365,-0.6,2.0,0.19999999999999996,-0.4,0.0,0.0,0.0,1,0,4,4,1,2,45,55,1,1,5
396275,2026-01-24,24,Brentford,Burnley,H,8.0,0.6,0.2,3.8,1.0,0.2631578947368421,0.39999999999999997,4.0,0.0,0.4,3.2,1.0,0.3125,-0.4,4.0,0.6,-0.2,1.0,0.0,1.0,3,0,2,2,3,1,51,49,1,1,5
531818,2026-01-24,24,Fulham,Sunderland,H,6.0,0.6,0.6,4.4,1.8,0.40909090909090906,0.0,1.0,0.4,2.6,3.2,1.2,0.37499999999999994,-2.2,5.0,0.19999999999999996,-2.0,0.0,0.0,0.0,2,0,10,3,4,0,52,48,1,1,5
102834,2026-01-24,24,Nottingham Forest,Liverpool,D,9.0,0.8,0.2,5.4,2.4,0.4444444444444444,0.6000000000000001,6.0,0.4,0.6,2.6,1.4,0.5384615384615384,-0.19999999999999996,3.0,0.4,-0.39999999999999997,0.0,1.0,0.0,0,0,6,4,2,2,39,61,1,1,5
641234,2026-01-24,24,Brighton,Arsenal,D,5.0,0.4,0.6,4.2,1.8,0.42857142857142855,-0.19999999999999996,12.0,1.2,0.6,4.0,1.6,0.4,0.6,-7.0,-0.7999999999999999,0.0,0.0,1.0,0.0,1,1,2,10,1,4,46,54,1,1,5
981913,2026-01-24,24,Aston Villa,Chelsea,D,5.0,0.8,0.8,3.2,1.2,0.37499999999999994,0.0,6.0,0.2,0.2,3.8,1.0,0.2631578947368421,0.0,-1.0,0.6000000000000001,0.6000000000000001,0.0,0.0,0.0,0,0,2,2,1,1,42,58,1,1,5
323464,2026-01-24,24,Newcastle United,Tottenham,D,9.0,1.8,0.8,3.4,2.0,0.5882352941176471,1.0,7.0,1.0,0.8,5.4,2.2,0.40740740740740744,0.19999999999999996,2.0,0.8,0.0,1.0,0.0,1.0,0,0,3,3,1,1,42,58,1,1,5
507024,2026-01-24,24,Manchester City,Manchester United,D,9.0,1.6,0.4,4.0,2.2,0.55,1.2000000000000002,3.0,0.0,0.4,4.4,1.0,0.22727272727272727,-0.4,6.0,1.6,0.0,1.0,0.0,1.0,0,0,11,2,5,0,47,53,1,1,5
806249,2026-01-31,25,Wolves,Everton,H,3.0,0.2,0.6,7.4,2.2,0.2972972972972973,-0.39999999999999997,13.0,1.2,0.4,2.8,1.2,0.4285714285714286,0.7999999999999999,-10.0,-1.0,0.19999999999999996,1.0,0.0,1.0,2,0,7,4,3,1,57,43,1,1,5
106825,2026-01-31,25,Leeds United,Bournemouth,D,2.0,0.2,1.2,4.2,1.6,0.38095238095238093,-1.0,2.0,0.2,0.8,5.0,1.8,0.36,-0.6000000000000001,0.0,0.0,0.3999999999999999,0.0,1.0,0.0,0,0,3,4,1,1,58,42,1,1,5
482591,2026-01-31,25,Burnley,Crystal Palace,D,3.0,0.0,1.0,3.2,1.0,0.3125,-1.0,10.0,0.6,0.4,4.8,1.6,0.33333333333333337,0.19999999999999996,-7.0,-0.6,0.6,0.0,1.0,0.0,1,1,6,3,2,1,49,51,1,1,5
865430,2026-01-31,25,Sunderland,West Ham,H,1.0,0.4,2.0,3.2,1.0,0.3125,-1.6,7.0,0.6,0.6,7.0,2.0,0.2857142857142857,0.0,-6.0,-0.19999999999999996,1.4,0.0,1.0,0.0,1,0,5,5,2,1,45,55,1,1,5
377613,2026-01-31,25,Liverpool,Brentford,A,6.0,0.4,0.6,2.8,1.6,0.5714285714285715,-0.19999999999999996,8.0,0.8,0.2,3.4,1.2,0.35294117647058826,0.6000000000000001,-2.0,-0.4,0.39999999999999997,1.0,0.0,1.0,1,2,4,4,2,2,60,40,1,1,5
395131,2026-01-31,25,Chelsea,Nottingham Forest,D,6.0,0.2,0.2,3.2,0.8,0.25,0.0,9.0,0.8,0.2,6.0,2.6,0.43333333333333335,0.6000000000000001,-3.0,-0.6000000000000001,0.0,0.0,1.0,0.0,0,0,2,3,1,1,56,44,1,1,5
407517,2026-01-31,25,Tottenham,Brighton,D,8.0,0.8,0.4,4.6,2.0,0.4347826086956522,0.4,6.0,0.6,0.4,3.8,1.8,0.4736842105263158,0.19999999999999996,2.0,0.20000000000000007,0.0,0.0,0.0,0.0,0,0,3,2,1,0,50,50,1,1,5
567249,2026-01-31,25,Manchester United,Aston Villa,D,4.0,0.0,0.2,4.4,1.0,0.22727272727272727,-0.2,6.0,0.8,0.6,3.0,1.2,0.39999999999999997,0.20000000000000007,-2.0,-0.8,-0.39999999999999997,1.0,0.0,1.0,1,1,6,3,1,1,46,54,1,1,5
200584,2026-01-31,25,Newcastle United,Manchester City,A,7.0,1.4,0.8,3.0,1.8,0.6,0.5999999999999999,7.0,0.6,0.4,5.2,2.2,0.4230769230769231,0.19999999999999996,0.0,0.7999999999999999,0.4,0.0,0.0,0.0,0,2,2,2,1,2,41,59,1,1,5
787908,2026-01-31,25,Arsenal,Fulham,D,13.0,1.4,0.6,5.2,2.2,0.4230769230769231,0.7999999999999999,8.0,1.0,0.6,5.2,2.0,0.3846153846153846,0.4,5.0,0.3999999999999999,0.0,0.0,0.0,0.0,1,1,8,2,3,1,62,38,1,1,5
899847,2026-02-07,26,Brentford,Chelsea,H,11.0,1.2,0.2,3.8,1.6,0.4210526315789474,1.0,6.0,0.2,0.2,2.4,0.6,0.25,0.0,5.0,1.0,0.0,0.0,0.0,0.0,1,0,2,10,1,3,51,49,1,2,5
557952,2026-02-07,26,Manchester City,Aston Villa,D,7.0,0.6,0.4,4.2,2.0,0.47619047619047616,0.19999999999999996,6.0,1.0,0.8,3.2,1.4,0.43749999999999994,0.19999999999999996,1.0,-0.4,-0.4,0.0,0.0,0.0,0,0,3,2,1,1,48,52,1,2,5
561018,2026-02-07,26,Brighton,Newcastle United,A,6.0,0.6,0.4,2.6,1.0,0.3846153846153846,0.19999999999999996,7.0,1.2,0.8,2.4,1.6,0.6666666666666667,0.3999999999999999,-1.0,-0.6,-0.4,0.0,0.0,0.0,0,1,2,4,0,1,50,50,1,2,5
908436,2026-02-07,26,Nottingham Forest,Manchester United,H,7.0,0.4,0.2,6.0,2.4,0.39999999999999997,0.2,4.0,0.2,0.4,3.4,0.6,0.17647058823529413,-0.2,3.0,0.2,-0.2,1.0,0.0,1.0,1,0,2,7,1,4,40,60,1,2,5
202617,2026-02-07,26,Fulham,Tottenham,H,6.0,1.0,0.8,3.6,1.4,0.38888888888888884,0.19999999999999996,6.0,0.4,0.4,3.8,1.6,0.4210526315789474,0.0,0.0,0.6,0.4,1.0,0.0,1.0,2,0,2,3,2,1,42,58,1,2,5
773662,2026-02-07,26,West Ham,Arsenal,H,7.0,0.6,0.4,6.0,1.6,0.26666666666666666,0.19999999999999996,11.0,1.2,0.6,6.4,2.4,0.37499999999999994,0.6,-4.0,-0.6,-0.19999999999999996,0.0,0.0,0.0,1,0,9,6,3,1,41,59,1,2,5
723500,2026-02-07,26,Crystal Palace,Liverpool,D,10.0,0.8,0.6,5.0,1.8,0.36,0.20000000000000007,6.0,0.6,0.6,3.2,1.8,0.5625,0.0,4.0,0.20000000000000007,0.0,0.0,0.0,0.0,0,0,2,4,0,1,39,61,1,2,5
580514,2026-02-07,26,Bournemouth,Sunderland,H,2.0,0.2,0.8,5.4,2.0,0.37037037037037035,-0.6000000000000001,4.0,0.4,1.6,3.6,1.2,0.3333333333333333,-1.2000000000000002,-2.0,-0.2,-0.8,0.0,0.0,0.0,1,0,8,2,4,1,45,55,1,2,5
172876,2026-02-07,26,Everton,Burnley,A,10.0,0.8,0.6,3.2,1.0,0.3125,0.20000000000000007,3.0,0.2,1.2,3.2,0.8,0.25,-1.0,7.0,0.6000000000000001,-0.6,0.0,1.0,0.0,0,2,10,2,3,2,51,49,1,2,5
751087,2026-02-07,26,Wolves,Leeds United,D,5.0,0.6,0.6,7.6,2.4,0.3157894736842105,0.0,3.0,0.2,0.8,4.4,1.6,0.36363636363636365,-0.6000000000000001,2.0,0.39999999999999997,-0.20000000000000007,1.0,0.0,1.0,2,2,5,4,2,2,50,50,1,2,5
483619,2026-02-14,27,Burnley,Leeds United,H,5.0,0.6,1.2,3.2,1.2,0.37499999999999994,-0.6,4.0,0.6,0.8,4.2,1.8,0.42857142857142855,-0.20000000000000007,1.0,0.0,0.3999999999999999,0.0,0.0,0.0,1,0,8,4,4,1,47,53,1,2,5
762404,2026-02-14,27,Arsenal,Bournemouth,D,8.0,1.0,0.8,7.0,2.4,0.34285714285714286,0.19999999999999996,4.0,0.2,0.6,5.2,1.8,0.34615384615384615,-0.39999999999999997,4.0,0.8,0.20000000000000007,1.0,0.0,1.0,0,0,2,5,0,2,52,48,1,2,5
791129,2026-02-14,27,Sunderland,Wolves,A,3.0,0.2,1.6,3.4,1.2,0.35294117647058826,-1.4000000000000001,5.0,0.8,0.8,6.6,2.2,0.33333333333333337,0.0,-2.0,-0.6000000000000001,0.8,0.0,1.0,0.0,1,2,3,2,1,2,49,51,1,2,5
485552,2026-02-14,27,Liverpool,Everton,H,6.0,0.6,0.6,3.6,1.8,0.5,0.0,7.0,0.6,1.0,4.6,1.4,0.30434782608695654,-0.4,-1.0,0.0,-0.4,0.0,0.0,0.0,2,0,2,3,2,1,57,43,1,2,5
546659,2026-02-14,27,Chelsea,Crystal Palace,H,5.0,0.2,0.4,4.0,1.2,0.3,-0.2,8.0,0.6,0.6,4.4,1.4,0.3181818181818181,0.0,-3.0,-0.39999999999999997,-0.19999999999999996,0.0,1.0,0.0,1,0,8,5,3,2,52,48,1,2,5
316097,2026-02-14,27,Newcastle United,Fulham,A,7.0,1.0,0.8,2.8,1.4,0.5,0.19999999999999996,9.0,1.4,0.6,3.6,1.8,0.5,0.7999999999999999,-2.0,-0.3999999999999999,0.20000000000000007,0.0,1.0,0.0,0,1,5,6,2,3,54,46,1,2,5
537440,2026-02-14,27,Manchester United,Brentford,D,3.0,0.2,0.6,4.0,1.2,0.3,-0.39999999999999997,13.0,1.4,0.2,3.8,1.8,0.4736842105263158,1.2,-10.0,-1.2,0.39999999999999997,1.0,0.0,1.0,0,0,6,3,2,1,61,39,1,2,5
787788,2026-02-14,27,Aston Villa,Nottingham Forest,D,6.0,0.8,0.6,3.2,1.4,0.43749999999999994,0.20000000000000007,9.0,0.4,0.0,5.0,2.0,0.4,0.4,-3.0,0.4,0.6,0.0,0.0,0.0,0,0,8,2,3,0,51,49,1,2,5
740195,2026-02-14,27,Brighton,Manchester City,D,6.0,0.6,0.4,2.6,1.0,0.3846153846153846,0.19999999999999996,8.0,0.6,0.2,4.4,2.0,0.45454545454545453,0.39999999999999997,-2.0,0.0,0.2,0.0,1.0,0.0,0,0,2,9,0,2,49,51,1,2,5
842069,2026-02-14,27,Tottenham,West Ham,D,5.0,0.2,0.6,3.6,1.4,0.38888888888888884,-0.39999999999999997,9.0,0.8,0.4,6.2,1.8,0.2903225806451613,0.4,-4.0,-0.6000000000000001,0.19999999999999996,0.0,0.0,0.0,0,0,5,4,1,1,59,41,1,2,5
780507,2026-02-21,28,Burnley,Sunderland,H,8.0,0.8,0.8,4.0,1.8,0.45,0.0,3.0,0.4,1.4,3.2,1.0,0.3125,-0.9999999999999999,5.0,0.4,-0.5999999999999999,0.0,1.0,0.0,1,0,6,2,2,0,49,51,1,2,5
704387,2026-02-21,28,Leeds United,Liverpool,H,3.0,0.6,1.0,4.0,1.6,0.4,-0.4,8.0,1.0,0.6,3.2,1.8,0.5625,0.4,-5.0,-0.4,0.4,0.0,0.0,0.0,2,1,5,3,2,1,41,59,1,2,5
211459,2026-02-21,28,Wolves,Arsenal,A,8.0,1.2,0.8,6.6,2.6,0.393939393939394,0.3999999999999999,6.0,0.8,0.8,6.6,2.0,0.30303030303030304,0.0,2.0,0.3999999999999999,0.0,0.0,0.0,0.0,0,1,2,2,0,1,43,57,1,2,5
786702,2026-02-21,28,Everton,Chelsea,D,6.0,0.4,1.2,4.2,1.4,0.3333333333333333,-0.7999999999999999,8.0,0.4,0.2,5.2,1.8,0.34615384615384615,0.2,-2.0,0.0,1.0,0.0,1.0,0.0,0,0,8,8,3,2,48,52,1,2,5
825194,2026-02-21,28,Bournemouth,Tottenham,A,5.0,0.2,0.4,5.8,2.2,0.37931034482758624,-0.2,6.0,0.2,0.4,3.6,1.2,0.3333333333333333,-0.2,-1.0,0.0,0.0,0.0,1.0,0.0,0,1,7,9,3,5,43,57,1,2,5
773263,2026-02-21,28,West Ham,Newcastle United,A,7.0,0.4,0.4,5.0,1.4,0.27999999999999997,0.0,4.0,0.4,1.0,3.2,1.2,0.37499999999999994,-0.6,3.0,0.0,-0.6,0.0,0.0,0.0,0,1,2,3,0,1,43,57,1,2,5
401943,2026-02-21,28,Brentford,Aston Villa,H,11.0,1.2,0.2,3.0,1.6,0.5333333333333333,1.0,4.0,0.4,0.6,3.4,1.4,0.4117647058823529,-0.19999999999999996,7.0,0.7999999999999999,-0.39999999999999997,0.0,0.0,0.0,1,0,4,2,2,1,40,60,1,2,5
374932,2026-02-21,28,Fulham,Brighton,D,11.0,1.4,0.4,4.4,2.2,0.5,0.9999999999999999,6.0,0.6,0.4,2.0,0.6,0.3,0.19999999999999996,5.0,0.7999999999999999,0.0,0.0,0.0,0.0,0,0,6,2,2,0,50,50,1,2,5
726605,2026-02-21,28,Manchester City,Nottingham Forest,H,6.0,0.4,0.2,5.4,2.2,0.40740740740740744,0.2,7.0,0.2,0.0,4.0,1.4,0.35,0.2,-1.0,0.2,0.2,0.0,0.0,0.0,2,0,7,8,3,3,56,44,1,2,5
450871,2026-02-21,28,Crystal Palace,Manchester United,D,8.0,0.6,0.4,4.0,1.4,0.35,0.19999999999999996,3.0,0.2,0.6,4.6,1.4,0.30434782608695654,-0.39999999999999997,5.0,0.39999999999999997,-0.19999999999999996,0.0,0.0,0.0,0,0,6,6,3,3,50,50,1,2,5
150542,2026-02-28,29,Tottenham,Wolves,H,6.0,0.2,0.4,4.6,1.8,0.391304347826087,-0.2,7.0,1.2,1.0,5.0,2.0,0.4,0.19999999999999996,-1.0,-1.0,-0.6,0.0,0.0,0.0,2,1,8,2,2,1,64,36,1,2,5
362630,2026-02-28,29,Arsenal,Burnley,D,6.0,0.6,0.6,5.6,1.8,0.32142857142857145,0.0,10.0,1.0,0.8,4.8,2.2,0.45833333333333337,0.19999999999999996,-4.0,-0.4,-0.20000000000000007,1.0,0.0,1.0,0,0,4,2,1,0,62,38,1,2,5
579173,2026-02-28,29,Chelsea,Leeds United,H,6.0,0.2,0.2,6.0,2.0,0.3333333333333333,0.0,5.0,0.8,1.0,4.0,1.6,0.4,-0.19999999999999996,1.0,-0.6000000000000001,-0.8,1.0,0.0,1.0,1,0,2,2,1,1,49,51,1,2,5
920983,2026-02-28,29,Liverpool,Sunderland,A,5.0,0.8,0.8,3.4,1.6,0.4705882352941177,0.0,3.0,0.4,1.2,3.0,0.8,0.26666666666666666,-0.7999999999999999,2.0,0.4,-0.3999999999999999,0.0,1.0,0.0,0,2,7,2,3,2,52,48,1,2,5
199738,2026-02-28,29,Manchester United,Everton,H,4.0,0.2,0.4,5.4,2.0,0.37037037037037035,-0.2,4.0,0.2,1.2,5.4,1.8,0.3333333333333333,-1.0,0.0,0.0,-0.7999999999999999,0.0,1.0,0.0,2,0,5,3,2,1,51,49,1,2,5
132250,2026-02-28,29,Brighton,West Ham,A,4.0,0.2,0.4,2.0,0.2,0.1,-0.2,7.0,0.4,0.4,4.8,1.2,0.25,0.0,-3.0,-0.2,0.0,0.0,1.0,0.0,0,1,9,2,3,1,58,42,1,2,5
750987,2026-02-28,29,Aston Villa,Crystal Palace,H,4.0,0.2,0.4,3.4,1.4,0.4117647058823529,-0.2,6.0,0.4,0.4,4.6,1.8,0.391304347826087,0.0,-2.0,-0.2,0.0,0.0,1.0,0.0,1,0,6,6,2,3,55,45,1,2,5
645576,2026-02-28,29,Nottingham Forest,Brentford,D,6.0,0.2,0.4,4.2,1.4,0.3333333333333333,-0.2,13.0,1.4,0.2,3.0,1.8,0.6,1.2,-7.0,-1.2,0.2,1.0,0.0,1.0,0,0,3,2,1,0,50,50,1,2,5
122624,2026-02-28,29,Fulham,Manchester City,A,11.0,1.2,0.2,5.2,2.4,0.4615384615384615,1.0,9.0,0.8,0.0,6.4,2.6,0.40625,0.8,2.0,0.3999999999999999,0.2,0.0,0.0,0.0,0,1,6,5,3,2,42,58,1,2,5
616133,2026-02-28,29,Newcastle United,Bournemouth,D,7.0,0.4,0.6,3.4,1.2,0.35294117647058826,-0.19999999999999996,5.0,0.2,0.4,6.2,2.4,0.3870967741935484,-0.2,2.0,0.2,0.19999999999999996,0.0,0.0,0.0,0,0,9,2,3,1,60,40,1,2,5
602208,2026-03-07,30,Sunderland,Chelsea,A,6.0,0.8,0.8,2.8,1.2,0.4285714285714286,0.0,8.0,0.4,0.2,6.0,2.0,0.3333333333333333,0.2,-2.0,0.4,0.6000000000000001,0.0,1.0,0.0,1,2,4,3,1,2,46,54,1,3,5
224042,2026-03-07,30,Manchester City,Brentford,H,11.0,1.0,0.0,5.2,2.0,0.3846153846153846,1.0,11.0,0.8,0.2,3.0,1.2,0.39999999999999997,0.6000000000000001,0.0,0.19999999999999996,-0.2,0.0,0.0,0.0,3,0,6,2,3,0,54,46,1,3,5
574789,2026-03-07,30,West Ham,Fulham,A,7.0,0.4,0.4,4.4,1.2,0.2727272727272727,0.0,8.0,0.8,0.4,4.4,2.2,0.5,0.4,-1.0,-0.4,0.0,0.0,1.0,0.0,0,1,7,2,3,1,52,48,1,3,5
203867,2026-03-07,30,Crystal Palace,Nottingham Forest,D,3.0,0.2,0.6,4.4,1.8,0.40909090909090906,-0.39999999999999997,6.0,0.2,0.4,3.6,1.2,0.3333333333333333,-0.2,-3.0,0.0,0.19999999999999996,0.0,1.0,0.0,1,1,5,6,1,2,52,48,1,3,5
772057,2026-03-07,30,Bournemouth,Brighton,A,6.0,0.2,0.2,5.2,2.2,0.4230769230769231,0.0,3.0,0.0,0.4,3.4,0.6,0.17647058823529413,-0.4,3.0,0.2,-0.2,0.0,0.0,0.0,0,1,2,9,0,5,40,60,1,3,5
442744,2026-03-07,30,Everton,Aston Villa,A,1.0,0.0,1.6,5.6,1.8,0.32142857142857145,-1.6,6.0,0.4,0.4,4.2,1.6,0.38095238095238093,0.0,-5.0,-0.4,1.2000000000000002,0.0,1.0,0.0,0,2,2,3,1,2,49,51,1,3,5
123415,2026-03-07,30,Wolves,Newcastle United,H,7.0,1.4,1.2,3.6,1.6,0.4444444444444445,0.19999999999999996,7.0,0.4,0.6,4.6,1.6,0.3478260869565218,-0.19999999999999996,0.0,0.9999999999999999,0.6,0.0,0.0,0.0,1,0,3,3,1,1,44,56,1,3,5
611618,2026-03-07,30,Leeds United,Manchester United,A,5.0,0.8,1.0,3.6,1.4,0.38888888888888884,-0.19999999999999996,6.0,0.6,0.4,6.0,2.4,0.39999999999999997,0.19999999999999996,-1.0,0.20000000000000007,0.6,0.0,0.0,0.0,0,2,7,2,2,2,53,47,1,3,5
955597,2026-03-07,30,Burnley,Tottenham,A,11.0,1.0,0.2,4.8,2.0,0.4166666666666667,0.8,8.0,0.6,0.6,5.6,2.0,0.35714285714285715,0.0,3.0,0.4,-0.39999999999999997,0.0,0.0,0.0,0,1,3,3,1,1,39,61,1,3,5
840760,2026-03-07,30,Liverpool,Arsenal,H,4.0,0.8,1.2,4.0,1.8,0.45,-0.3999999999999999,6.0,0.4,0.4,4.4,1.2,0.2727272727272727,0.0,-2.0,0.4,0.7999999999999999,0.0,0.0,0.0,3,1,5,4,3,1,47,53,1,3,5
